,title,company,location,salary
0,AI Electrical / Computer Engineer,"General Technical Services, LLC","Adelphi, MD 20783",Full-time
1,"Clinical Laboratory Scientist CLS , Medical Data Scientist",Clinical Management Consultants,"Palo Alto, CA","$85,225 - $135,355 a year"
2,Senior Data Scientist,WALGREENS,"Deerfield, IL 60015",
3,Data Scientist II,Net2Source,"Los Angeles, CA 90094",$55 - $58 an hour
4,Data Scientist / Analyst,Kforce,"Juno Beach, FL 33408",$35 - $45 an hour
5,Data Scientist,Hire IT people,"Bentonville, AR 72712",$58 an hour
6,Data Scientist,Parafin,"San Francisco, CA","$150,000 - $175,000 a year"
7,IT Data Scientist,System One,"Topeka, KS 66606","$110,000 - $125,000 a year"
8,Senior Data Scientist,EarthOptics,"Remote in Arlington, VA","$99,400 - $167,000 a year"
9,Data Scientist,Fabrx Space,Remote,"$154,962 - $165,538 a year"
10,Data Scientist (Marketing),Penn Foster Group,Remote,Full-time
11,Junior Data Scientist,OGC Global,Remote,Full-time
12,Digital & Technology - Data Science - Campus Recruiting,General Mills,"Remote in Minneapolis, MN 55426","$91,000 a year"
13,Data Engineer,"The Travelers Companies, Inc.","Saint Paul, MN 55127","$113,900 - $188,000 a year"
14,Data Scientist - Pricing,Hertz,"Estero, FL 33928","$68,000 a year"
15,Digital & Technology - Data Science - Campus Recruiting,General Mills,"Remote in Minneapolis, MN 55426","$91,000 a year"
16,Data Engineer,"The Travelers Companies, Inc.","Saint Paul, MN 55127","$113,900 - $188,000 a year"
17,Data Scientist,VivusTech,"Chantilly, VA",
18,Data Scientist,FanDuel,"Hybrid remote in Jersey City, NJ",
19,Data Scientist,Bond Financial Technologies,Remote,
20,2024 Data Science Recent Grad Positions – Cat Digital,Caterpillar,"Chicago, IL 60622 
(West Town area)","$75,900 - $141,456 a year"
21,Data Scientist,Bilin Technology,"Boston, MA",
22,Data Scientist,Govini,"Pittsburgh, PA",Full-time
23,Data Scientist,Triple-S Steel,"Houston, TX 77026 
(Eastex - Jensen area)",Full-time
24,Data Scientist,Konnectingtree,Remote,"$110,000 - $113,000 a year"
25,Data Scientist,FAST GROWING TREES LLC,Remote,"$80,000 - $120,000 a year"
26,Data Scientist,Koddi,Remote,Full-time
27,Data Scientist,Vibronyx,Remote,
28,"Manager, Rapid Data Labs, Research IT Data Engineering",Bristol Myers Squibb,"Princeton, NJ",
29,Data Scientist,Enable Data,"Minneapolis, MN",
30,Digital & Technology - Data Science - Campus Recruiting,General Mills,"Remote in Minneapolis, MN 55426","$91,000 a year"
31,Data Engineer,"The Travelers Companies, Inc.","Saint Paul, MN 55127","$113,900 - $188,000 a year"
32,Data Scientist,VivusTech,"Chantilly, VA",
33,Data Scientist,FanDuel,"Hybrid remote in Jersey City, NJ",
34,Data Scientist,Bond Financial Technologies,Remote,
35,2024 Data Science Recent Grad Positions – Cat Digital,Caterpillar,"Chicago, IL 60622 
(West Town area)","$75,900 - $141,456 a year"
36,Data Scientist,Bilin Technology,"Boston, MA",
37,Data Scientist,Govini,"Pittsburgh, PA",Full-time
38,Data Scientist,Triple-S Steel,"Houston, TX 77026 
(Eastex - Jensen area)",Full-time
39,Data Scientist,Konnectingtree,Remote,"$110,000 - $113,000 a year"
40,Data Scientist,FAST GROWING TREES LLC,Remote,"$80,000 - $120,000 a year"
41,Data Scientist,Koddi,Remote,Full-time
42,"(Hybrid) Assistant Vice President, Machine Learning and Advanced Analytics - San Antonio Texas",PenFed Credit Union,"San Antonio, TX 78259 
(Encino Park area)",Full-time
43,Data Scientist,Vibronyx,Remote,
44,Data Scientist,Enable Data,"Minneapolis, MN",
45,Data Scientist,Fabrx Space,Remote,"$154,962 - $165,538 a year"
46,Data Scientist (Marketing),Penn Foster Group,Remote,Full-time
47,Junior Data Scientist,OGC Global,Remote,Full-time
48,Digital & Technology - Data Science - Campus Recruiting,General Mills,"Remote in Minneapolis, MN 55426","$91,000 a year"
49,Statistical Programmer Contractor,Joule,"Tarrytown, NY 10591",$67 - $80 an hour
50,Data Engineer,"The Travelers Companies, Inc.","Saint Paul, MN 55127","$113,900 - $188,000 a year"
51,Data Scientist,VivusTech,"Chantilly, VA",
52,Data Scientist,FanDuel,"Hybrid remote in Jersey City, NJ",
53,Data Scientist,Bond Financial Technologies,Remote,
54,2024 Data Science Recent Grad Positions – Cat Digital,Caterpillar,"Chicago, IL 60622 
(West Town area)","$75,900 - $141,456 a year"
55,Data Scientist,Bilin Technology,"Boston, MA",
56,Senior Statistical Programmer - FSP,PHASTAR,Remote,Full-time
57,"Sr Distinguished Engineer, Generative AI Systems - (Remote- Eligible)",Capital One,"Remote in Chicago, IL 60695",Full-time
58,Data Scientist,Triple-S Steel,"Houston, TX 77026 
(Eastex - Jensen area)",Full-time
59,Data Scientist,Govini,"Pittsburgh, PA",Full-time
60,2024 Data Science Recent Grad Positions – Cat Digital,Caterpillar,"Chicago, IL 60622 
(West Town area)","$75,900 - $141,456 a year"
61,Data Scientist,Bilin Technology,"Boston, MA",
62,Data Scientist,Govini,"Pittsburgh, PA",Full-time
63,Data Scientist,Triple-S Steel,"Houston, TX 77026 
(Eastex - Jensen area)",Full-time
64,Data Scientist,Konnectingtree,Remote,"$110,000 - $113,000 a year"
65,Data Scientist,FAST GROWING TREES LLC,Remote,"$80,000 - $120,000 a year"
66,Data Scientist,Koddi,Remote,Full-time
67,Data Scientist,Enable Data,"Minneapolis, MN",
68,Data Scientist,Vibronyx,Remote,
69,Healthcare Data Scientist,Inovalon,Remote,
70,Data Scientist,Health Intelligence company LLC,Remote in United States,
71,Data Scientist,Cartwheel,Remote,"$200,000 a year"
72,Data Scientist,Grid,"San Francisco, CA 94123 
(Marina area)",Full-time
73,Senior Machine Learning Engineer,Capital One,"Richmond, VA 23218 
(City Center area)",Full-time
74,Data Scientist,Colsh Consultants,"Richfield, MN",
75,Data Scientist (Marketing),Penn Foster Group,Remote,Full-time
76,Junior Data Scientist,OGC Global,Remote,Full-time
77,Digital & Technology - Data Science - Campus Recruiting,General Mills,"Remote in Minneapolis, MN 55426","$91,000 a year"
78,Data Engineer,"The Travelers Companies, Inc.","Saint Paul, MN 55127","$113,900 - $188,000 a year"
79,Data Scientist,VivusTech,"Chantilly, VA",
80,Data Scientist,FanDuel,"Hybrid remote in Jersey City, NJ",
81,Data Scientist,Bond Financial Technologies,Remote,
82,2024 Data Science Recent Grad Positions – Cat Digital,Caterpillar,"Chicago, IL 60622 
(West Town area)","$75,900 - $141,456 a year"
83,Data Scientist,Bilin Technology,"Boston, MA",
84,Data Scientist,Govini,"Pittsburgh, PA",Full-time
85,Data Scientist,Triple-S Steel,"Houston, TX 77026 
(Eastex - Jensen area)",Full-time
86,Data Scientist,Konnectingtree,Remote,"$110,000 - $113,000 a year"
87,Data Scientist,Koddi,Remote,Full-time
88,"Director, Data Product Manager – Clinical Ops & Real-World Evidence",Bristol Myers Squibb,"Hybrid remote in Princeton, NJ",
89,Data Scientist,FAST GROWING TREES LLC,Remote,"$80,000 - $120,000 a year"
90,Data Scientist,FanDuel,"Hybrid remote in Jersey City, NJ",
91,Data Scientist,Bond Financial Technologies,Remote,
92,2024 Data Science Recent Grad Positions – Cat Digital,Caterpillar,"Chicago, IL 60622 
(West Town area)","$75,900 - $141,456 a year"
93,Data Scientist,Bilin Technology,"Boston, MA",
94,Data Scientist,Govini,"Pittsburgh, PA",Full-time
95,Data Scientist,Triple-S Steel,"Houston, TX 77026 
(Eastex - Jensen area)",Full-time
96,Data Scientist,Konnectingtree,Remote,"$110,000 - $113,000 a year"
97,Data Scientist,FAST GROWING TREES LLC,Remote,"$80,000 - $120,000 a year"
98,Data Scientist,Koddi,Remote,Full-time
99,Data Scientist,Enable Data,"Minneapolis, MN",
100,Data Scientist,Vibronyx,Remote,
101,Healthcare Data Scientist,Inovalon,Remote,
102,Machine Learning Development Program Associate - 2024,Capital One - Campus,"New York, NY 10012 
(Little Italy area)",Full-time
103,Data Scientist,Cartwheel,Remote,"$200,000 a year"
104,Data Scientist,Health Intelligence company LLC,Remote in United States,
105,Junior Data Scientist,OGC Global,Remote,Full-time
106,Digital & Technology - Data Science - Campus Recruiting,General Mills,"Remote in Minneapolis, MN 55426","$91,000 a year"
107,Data Engineer,"The Travelers Companies, Inc.","Saint Paul, MN 55127","$113,900 - $188,000 a year"
108,Data Scientist,VivusTech,"Chantilly, VA",
109,Data Scientist,FanDuel,"Hybrid remote in Jersey City, NJ",
110,Data Scientist,Bond Financial Technologies,Remote,
111,2024 Data Science Recent Grad Positions – Cat Digital,Caterpillar,"Chicago, IL 60622 
(West Town area)","$75,900 - $141,456 a year"
112,Data Scientist,Bilin Technology,"Boston, MA",
113,Data Scientist,Govini,"Pittsburgh, PA",Full-time
114,Data Scientist,Triple-S Steel,"Houston, TX 77026 
(Eastex - Jensen area)",Full-time
115,Data Scientist,Konnectingtree,Remote,"$110,000 - $113,000 a year"
116,Data Scientist,FAST GROWING TREES LLC,Remote,"$80,000 - $120,000 a year"
117,Data Scientist,Enable Data,"Minneapolis, MN",
118,Principal Statistical Programmer,Penfield Search Partners,"Hybrid remote in Florham Park, NJ",Full-time
119,Data Scientist,Koddi,Remote,Full-time
120,Digital & Technology - Data Science - Campus Recruiting,General Mills,"Remote in Minneapolis, MN 55426","$91,000 a year"
121,Data Engineer,"The Travelers Companies, Inc.","Saint Paul, MN 55127","$113,900 - $188,000 a year"
122,Data Scientist,VivusTech,"Chantilly, VA",
123,Data Scientist,FanDuel,"Hybrid remote in Jersey City, NJ",
124,Data Scientist,Bond Financial Technologies,Remote,
125,2024 Data Science Recent Grad Positions – Cat Digital,Caterpillar,"Chicago, IL 60622 
(West Town area)","$75,900 - $141,456 a year"
126,Data Scientist,Bilin Technology,"Boston, MA",
127,Statistician 1 - Medicare - Alzheimers - Full-time,Rush University Medical Center,"Chicago, IL 60612 
(Illinois Medical District area)",Full-time
128,Data Scientist,Govini,"Pittsburgh, PA",Full-time
129,Data Scientist,Triple-S Steel,"Houston, TX 77026 
(Eastex - Jensen area)",Full-time
130,Data Scientist,Konnectingtree,Remote,"$110,000 - $113,000 a year"
131,Data Scientist,FAST GROWING TREES LLC,Remote,"$80,000 - $120,000 a year"
132,Data Scientist,Enable Data,"Minneapolis, MN",
133,Senior Investment Data Analyst,Vanguard,"Malvern, PA",
134,Data Scientist,Koddi,Remote,Full-time
135,Junior Data Scientist,OGC Global,Remote,Full-time
136,Digital & Technology - Data Science - Campus Recruiting,General Mills,"Remote in Minneapolis, MN 55426","$91,000 a year"
137,Data Scientist,VivusTech,"Chantilly, VA",
138,Data Scientist,FanDuel,"Hybrid remote in Jersey City, NJ",
139,Data Scientist,Bond Financial Technologies,Remote,
140,2024 Data Science Recent Grad Positions – Cat Digital,Caterpillar,"Chicago, IL 60622 
(West Town area)","$75,900 - $141,456 a year"
141,Data Scientist,Bilin Technology,"Boston, MA",
142,Data Scientist,Govini,"Pittsburgh, PA",Full-time
143,Data Scientist,Triple-S Steel,"Houston, TX 77026 
(Eastex - Jensen area)",Full-time
144,Data Scientist,Konnectingtree,Remote,"$110,000 - $113,000 a year"
145,Data Scientist,FAST GROWING TREES LLC,Remote,"$80,000 - $120,000 a year"
146,Data Scientist,Koddi,Remote,Full-time
147,Data Scientist,Vibronyx,Remote,
148,Salesforce AI Engineer,"CGI Group, Inc.","Hybrid remote in Hartford, CT 06112",Full-time
149,Data Scientist,Enable Data,"Minneapolis, MN",
150,Senior Data Scientist,WALGREENS,"Deerfield, IL 60015",
151,Senior Data Scientist,EarthOptics,"Remote in Arlington, VA","$99,400 - $167,000 a year"
152,Data Scientist,Fabrx Space,Remote,"$154,962 - $165,538 a year"
153,Data Scientist (Marketing),Penn Foster Group,Remote,Full-time
154,Junior Data Scientist,OGC Global,Remote,Full-time
155,Digital & Technology - Data Science - Campus Recruiting,General Mills,"Remote in Minneapolis, MN 55426","$91,000 a year"
156,Data Engineer,"The Travelers Companies, Inc.","Saint Paul, MN 55127","$113,900 - $188,000 a year"
157,Data Scientist,VivusTech,"Chantilly, VA",
158,Data Scientist,FanDuel,"Hybrid remote in Jersey City, NJ",
159,Data Scientist,Bond Financial Technologies,Remote,
160,2024 Data Science Recent Grad Positions – Cat Digital,Caterpillar,"Chicago, IL 60622 
(West Town area)","$75,900 - $141,456 a year"
161,Data Scientist,Bilin Technology,"Boston, MA",
162,"Sr Distinguished Engineer, Generative AI Systems - (Remote- Eligible)",Capital One,"Remote in San Francisco, CA 94102",Full-time
163,Data Scientist,Triple-S Steel,"Houston, TX 77026 
(Eastex - Jensen area)",Full-time
164,Data Scientist,Govini,"Pittsburgh, PA",Full-time
165,Data Scientist,Colsh Consultants,"Richfield, MN",
166,Data Scientist,Grid,"San Francisco, CA 94123 
(Marina area)",Full-time
167,Data Scientist,Galaxy Technologies,"Remote in New York, NY","$83,000 - $96,000 a year"
168,Data Scientist,Trella Health,Remote,
169,Data Scientist,Siddhi Solutions,Remote,$65 - $70 an hour
170,Data Scientist,Neo Technologies LLC,"Hybrid remote in Allentown, PA 18106",$70 - $80 an hour
171,Data Scientist III,Conde Nast,"New York, NY","$150,000 - $200,000 a year"
172,"Data Scientist, NLP",Ancestry,Remote,"$68,000 - $191,000 a year"
173,Data Scientist,Henry Ford Health,"Southfield, MI 48075",
174,Research Data Scientist,Swayable,"Remote in New York, NY",Full-time
175,Data Analyst/Scientist,Virtue Analytics,"Woodbury, MN",
176,Data Scientist,Kontakt.io,"Hybrid remote in New York, NY",Full-time
177,Data Scientist,NICE,"Atlanta, GA",
178,Lead Engineer - Generative AI Product Engineering (Remote-Eligible),Capital One,"Remote in Plano, TX 75023",Full-time
179,Data Scientist,Mashvisor Inc.,Remote,
180,Data Scientist,Vibronyx,Remote,
181,Healthcare Data Scientist,Inovalon,Remote,
182,Data Scientist,Health Intelligence company LLC,Remote in United States,
183,Data Scientist,Cartwheel,Remote,"$200,000 a year"
184,Data Scientist,Colsh Consultants,"Richfield, MN",
185,Data Scientist,Grid,"San Francisco, CA 94123 
(Marina area)",Full-time
186,Data Scientist,Galaxy Technologies,"Remote in New York, NY","$83,000 - $96,000 a year"
187,Data Scientist,Trella Health,Remote,
188,Data Scientist,Siddhi Solutions,Remote,$65 - $70 an hour
189,Data Scientist,Neo Technologies LLC,"Hybrid remote in Allentown, PA 18106",$70 - $80 an hour
190,Data Scientist III,Conde Nast,"New York, NY","$150,000 - $200,000 a year"
191,"Data Scientist, NLP",Ancestry,Remote,"$68,000 - $191,000 a year"
192,"Senior Manager, Statistical Programming",Takeda Pharmaceutical,"Remote in Lexington, MA 02420",Full-time
193,Research Data Scientist,Swayable,"Remote in New York, NY",Full-time
194,Data Scientist,Henry Ford Health,"Southfield, MI 48075",
195,Data Scientist,Enable Data,"Minneapolis, MN",
196,Data Scientist,Vibronyx,Remote,
197,Healthcare Data Scientist,Inovalon,Remote,
198,Data Scientist,Health Intelligence company LLC,Remote in United States,
199,Data Scientist,Cartwheel,Remote,"$200,000 a year"
200,Data Scientist,Colsh Consultants,"Richfield, MN",
201,Data Scientist,Grid,"San Francisco, CA 94123 
(Marina area)",Full-time
202,Data Scientist,Galaxy Technologies,"Remote in New York, NY","$83,000 - $96,000 a year"
203,Data Scientist,Trella Health,Remote,
204,Data Scientist,Siddhi Solutions,Remote,$65 - $70 an hour
205,Data Scientist,Neo Technologies LLC,"Hybrid remote in Allentown, PA 18106",$70 - $80 an hour
206,Data Scientist III,Conde Nast,"New York, NY","$150,000 - $200,000 a year"
207,Data Scientist,Henry Ford Health,"Southfield, MI 48075",
208,ML Engineer,"Yoh, A Day & Zimmermann Company","Remote in San Jose, CA",$55 - $85 an hour
209,"Data Scientist, NLP",Ancestry,Remote,"$68,000 - $191,000 a year"
210,Data Scientist,Enable Data,"Minneapolis, MN",
211,Data Scientist,Vibronyx,Remote,
212,Healthcare Data Scientist,Inovalon,Remote,
213,Data Scientist,Health Intelligence company LLC,Remote in United States,
214,Data Scientist,Cartwheel,Remote,"$200,000 a year"
215,Data Scientist,Colsh Consultants,"Richfield, MN",
216,Data Scientist,Grid,"San Francisco, CA 94123 
(Marina area)",Full-time
217,Data Scientist,Galaxy Technologies,"Remote in New York, NY","$83,000 - $96,000 a year"
218,Data Scientist,Trella Health,Remote,
219,Data Scientist,Siddhi Solutions,Remote,$65 - $70 an hour
220,Data Scientist,Neo Technologies LLC,"Hybrid remote in Allentown, PA 18106",$70 - $80 an hour
221,Data Scientist III,Conde Nast,"New York, NY","$150,000 - $200,000 a year"
222,Data Scientist,Henry Ford Health,"Southfield, MI 48075",
223,"Senior Manager, Statistical Programmer",Takeda Pharmaceutical,"Hybrid remote in Boston, MA 02112","$130,500 - $186,000 a year"
224,"Data Scientist, NLP",Ancestry,Remote,"$68,000 - $191,000 a year"
225,Data Scientist,FAST GROWING TREES LLC,Remote,"$80,000 - $120,000 a year"
226,Data Scientist,Koddi,Remote,Full-time
227,Data Scientist,Enable Data,"Minneapolis, MN",
228,Data Scientist,Vibronyx,Remote,
229,Healthcare Data Scientist,Inovalon,Remote,
230,Data Scientist,Health Intelligence company LLC,Remote in United States,
231,Data Scientist,Cartwheel,Remote,"$200,000 a year"
232,Data Scientist,Colsh Consultants,"Richfield, MN",
233,Data Scientist,Grid,"San Francisco, CA 94123 
(Marina area)",Full-time
234,Data Scientist,Galaxy Technologies,"Remote in New York, NY","$83,000 - $96,000 a year"
235,Data Scientist,Trella Health,Remote,
236,Data Scientist,Siddhi Solutions,Remote,$65 - $70 an hour
237,Data Scientist III,Conde Nast,"New York, NY","$150,000 - $200,000 a year"
238,Information Systems - Sr Data Analyst,Hajoca Corporation,"Lafayette Hill, PA 19444","$90,000 - $100,000 a year"
239,Data Scientist,Neo Technologies LLC,"Hybrid remote in Allentown, PA 18106",$70 - $80 an hour
240,ML Engineer,"Vizient, Inc.","Irving, TX 75062","$102,400 - $152,200 a year"
241,Data Scientist,Koddi,Remote,Full-time
242,Data Scientist,Enable Data,"Minneapolis, MN",
243,Data Scientist,Vibronyx,Remote,
244,Healthcare Data Scientist,Inovalon,Remote,
245,Data Scientist,Health Intelligence company LLC,Remote in United States,
246,Data Scientist,Cartwheel,Remote,"$200,000 a year"
247,Data Scientist,Colsh Consultants,"Richfield, MN",
248,Data Scientist,Grid,"San Francisco, CA 94123 
(Marina area)",Full-time
249,Data Scientist,Galaxy Technologies,"Remote in New York, NY","$83,000 - $96,000 a year"
250,Data Scientist,Trella Health,Remote,
251,Data Scientist,Siddhi Solutions,Remote,$65 - $70 an hour
252,"Sr. Data Scientist- Risk Modeler, AVP - Hybrid",Citi,"Elk Grove Village, IL 60007","$93,200 - $139,800 a year"
253,Data Scientist III,Conde Nast,"New York, NY","$150,000 - $200,000 a year"
254,Data Scientist,Neo Technologies LLC,"Hybrid remote in Allentown, PA 18106",$70 - $80 an hour
255,Data Scientist,Enable Data,"Minneapolis, MN",
256,Data Scientist,Vibronyx,Remote,
257,Healthcare Data Scientist,Inovalon,Remote,
258,Data Scientist,Health Intelligence company LLC,Remote in United States,
259,Data Scientist,Cartwheel,Remote,"$200,000 a year"
260,Data Scientist,Colsh Consultants,"Richfield, MN",
261,Data Scientist,Grid,"San Francisco, CA 94123 
(Marina area)",Full-time
262,Data Scientist,Galaxy Technologies,"Remote in New York, NY","$83,000 - $96,000 a year"
263,Data Scientist,Trella Health,Remote,
264,Data Scientist,Siddhi Solutions,Remote,$65 - $70 an hour
265,Data Scientist,Neo Technologies LLC,"Hybrid remote in Allentown, PA 18106",$70 - $80 an hour
266,Data Scientist III,Conde Nast,"New York, NY","$150,000 - $200,000 a year"
267,Data Scientist,Henry Ford Health,"Southfield, MI 48075",
268,Lead Engineer - Generative AI Product Engineering (Remote-Eligible),Capital One,"Remote in Wilmington, DE 19880",Full-time
269,"Data Scientist, NLP",Ancestry,Remote,"$68,000 - $191,000 a year"
270,Data Scientist,Enable Data,"Minneapolis, MN",
271,Data Scientist,Vibronyx,Remote,
272,Healthcare Data Scientist,Inovalon,Remote,
273,Data Scientist,Health Intelligence company LLC,Remote in United States,
274,Data Scientist,Cartwheel,Remote,"$200,000 a year"
275,Data Scientist,Colsh Consultants,"Richfield, MN",
276,Data Scientist,Grid,"San Francisco, CA 94123 
(Marina area)",Full-time
277,Data Scientist,Galaxy Technologies,"Remote in New York, NY","$83,000 - $96,000 a year"
278,Data Scientist,Trella Health,Remote,
279,Data Scientist,Siddhi Solutions,Remote,$65 - $70 an hour
280,Data Scientist,Neo Technologies LLC,"Hybrid remote in Allentown, PA 18106",$70 - $80 an hour
281,Data Scientist III,Conde Nast,"New York, NY","$150,000 - $200,000 a year"
282,Data Scientist,Henry Ford Health,"Southfield, MI 48075",
283,"Principal Software Engineer, Machine Learning Engineering",Experis,"Richmond, VA 23238",Full-time
284,"Data Scientist, NLP",Ancestry,Remote,"$68,000 - $191,000 a year"
285,Data Scientist,Enable Data,"Minneapolis, MN",
286,Data Scientist,Vibronyx,Remote,
287,Healthcare Data Scientist,Inovalon,Remote,
288,Data Scientist,Health Intelligence company LLC,Remote in United States,
289,Data Scientist,Cartwheel,Remote,"$200,000 a year"
290,Data Scientist,Colsh Consultants,"Richfield, MN",
291,Data Scientist,Grid,"San Francisco, CA 94123 
(Marina area)",Full-time
292,Data Scientist,Galaxy Technologies,"Remote in New York, NY","$83,000 - $96,000 a year"
293,Data Scientist,Trella Health,Remote,
294,Data Scientist,Siddhi Solutions,Remote,$65 - $70 an hour
295,Data Scientist,Neo Technologies LLC,"Hybrid remote in Allentown, PA 18106",$70 - $80 an hour
296,Data Scientist III,Conde Nast,"New York, NY","$150,000 - $200,000 a year"
297,Data Scientist,Henry Ford Health,"Southfield, MI 48075",
298,"(Hybrid) Assistant Vice President, Machine Learning and Advanced Analytics - San Antonio Texas",PenFed Credit Union,"San Antonio, TX 78259 
(Encino Park area)",Full-time
299,"Data Scientist, NLP",Ancestry,Remote,"$68,000 - $191,000 a year"
300,Data Scientist,Enable Data,"Minneapolis, MN",
301,Data Scientist,Vibronyx,Remote,
302,Healthcare Data Scientist,Inovalon,Remote,
303,Data Scientist,Health Intelligence company LLC,Remote in United States,
304,Data Scientist,Cartwheel,Remote,"$200,000 a year"
305,Data Scientist,Colsh Consultants,"Richfield, MN",
306,Data Scientist,Grid,"San Francisco, CA 94123 
(Marina area)",Full-time
307,Data Scientist,Galaxy Technologies,"Remote in New York, NY","$83,000 - $96,000 a year"
308,Data Scientist,Trella Health,Remote,
309,Data Scientist,Siddhi Solutions,Remote,$65 - $70 an hour
310,Senior Data Analyst,Liberty Personnel Services,"Philadelphia, PA 19123 
(Poplar-Ludlow-Yorktowne area)","$115,000 a year"
311,Data Scientist,Neo Technologies LLC,"Hybrid remote in Allentown, PA 18106",$70 - $80 an hour
312,Senior Data Analyst,Vanguard,"Charlotte, NC",
313,Front-end Developer (Graphic Design and UX/UI Focus) - NLP Space,Confidential,"Hybrid remote in Redmond, WA 98052",Full-time
314,Data Scientist III,Conde Nast,"New York, NY","$150,000 - $200,000 a year"
315,Data Scientist,NICE,"Atlanta, GA",
316,Principal Data Scientist,lucid technologies,"Raleigh, NC 27601 
(South Central area)","$107,458 - $154,924 a year"
317,Data Scientist,Kansara systems,Remote,$40 - $45 an hour
318,Data Scientist (USA),Electra Vehicles,Remote,Full-time
319,Senior Data Scientist,Cargill,"Remote in Wayzata, MN 55391",Full-time
320,Sports Data Scientist,Swish Analytics,Remote,"$103,000 - $135,000 a year"
321,Sr. Data Scientist,Pri Global Inc,Remote,$80 - $90 an hour
322,Senior Data Analyst,Curology,Remote,"$140,000 - $180,000 a year"
323,Data Scientist,withco,"New York, NY","$180,000 - $200,000 a year"
324,Data Scientist,PROLIM Corporation,Remote,$75 - $80 an hour
325,Data Scientist,Context Labs,"Cambridge, MA 02142 
(East Cambridge area)",Full-time
326,Data Scientist,Assetario,Remote,
327,Data Scientist,FLEETCOR,"Remote in Atlanta, GA",Full-time
328,Data Scientist,VitalCORE,Remote,
329,Principal AI/ML Engineer,CNA Insurance,"Chicago, IL",Full-time
330,Research Data Scientist,Swayable,"Remote in New York, NY",Full-time
331,Data Analyst/Scientist,Virtue Analytics,"Woodbury, MN",
332,Data Scientist,Kontakt.io,"Hybrid remote in New York, NY",Full-time
333,Data Scientist,Mashvisor Inc.,Remote,
334,Data Scientist,NICE,"Atlanta, GA",
335,Predictive Modeling Analyst,NJM Insurance,"Hybrid remote in Trenton, NJ 08628","$89,000 - $113,000 a year"
336,Principal Data Scientist,lucid technologies,"Raleigh, NC 27601 
(South Central area)","$107,458 - $154,924 a year"
337,Data Scientist,Kansara systems,Remote,$40 - $45 an hour
338,Data Scientist (USA),Electra Vehicles,Remote,Full-time
339,Senior Data Scientist,Cargill,"Remote in Wayzata, MN 55391",Full-time
340,Sports Data Scientist,Swish Analytics,Remote,"$103,000 - $135,000 a year"
341,Sr. Data Scientist,Pri Global Inc,Remote,$80 - $90 an hour
342,"Senior Level AI/ML Modeling, Simulation and Analysis Engineer",Peraton,"Chantilly, VA 20151","$112,000 - $179,000 a year"
343,Data Scientist,withco,"New York, NY","$180,000 - $200,000 a year"
344,Senior Data Analyst,Curology,Remote,"$140,000 - $180,000 a year"
345,Data Scientist,Henry Ford Health,"Southfield, MI 48075",
346,Research Data Scientist,Swayable,"Remote in New York, NY",Full-time
347,Data Analyst/Scientist,Virtue Analytics,"Woodbury, MN",
348,Data Scientist,Kontakt.io,"Hybrid remote in New York, NY",Full-time
349,Data Scientist,Mashvisor Inc.,Remote,
350,Data Scientist,NICE,"Atlanta, GA",
351,Principal Data Scientist,lucid technologies,"Raleigh, NC 27601 
(South Central area)","$107,458 - $154,924 a year"
352,Data Scientist,Kansara systems,Remote,$40 - $45 an hour
353,Data Scientist (USA),Electra Vehicles,Remote,Full-time
354,Senior Data Scientist,Cargill,"Remote in Wayzata, MN 55391",Full-time
355,Sports Data Scientist,Swish Analytics,Remote,"$103,000 - $135,000 a year"
356,Sr. Data Scientist,Pri Global Inc,Remote,$80 - $90 an hour
357,AWS Machine Learning Engineer,"CGI Group, Inc.","Nashville, TN",Full-time
358,Data Scientist,withco,"New York, NY","$180,000 - $200,000 a year"
359,Senior Data Analyst,Curology,Remote,"$140,000 - $180,000 a year"
360,Data Scientist,Henry Ford Health,"Southfield, MI 48075",
361,Research Data Scientist,Swayable,"Remote in New York, NY",Full-time
362,Data Analyst/Scientist,Virtue Analytics,"Woodbury, MN",
363,Data Scientist,Kontakt.io,"Hybrid remote in New York, NY",Full-time
364,Data Scientist,Mashvisor Inc.,Remote,
365,Data Scientist,NICE,"Atlanta, GA",
366,Principal Data Scientist,lucid technologies,"Raleigh, NC 27601 
(South Central area)","$107,458 - $154,924 a year"
367,Data Scientist,Kansara systems,Remote,$40 - $45 an hour
368,Data Scientist (USA),Electra Vehicles,Remote,Full-time
369,Senior Data Scientist,Cargill,"Remote in Wayzata, MN 55391",Full-time
370,Sports Data Scientist,Swish Analytics,Remote,"$103,000 - $135,000 a year"
371,Sr. Data Scientist,Pri Global Inc,Remote,$80 - $90 an hour
372,Data Scientist,withco,"New York, NY","$180,000 - $200,000 a year"
373,"Sr. Director, Product Manager – Clinical Data Ecosystem",Bristol Myers Squibb,"Hybrid remote in Princeton, NJ",
374,Senior Data Analyst,Curology,Remote,"$140,000 - $180,000 a year"
375,Research Data Scientist,Swayable,"Remote in New York, NY",Full-time
376,Data Analyst/Scientist,Virtue Analytics,"Woodbury, MN",
377,Data Scientist,Kontakt.io,"Hybrid remote in New York, NY",Full-time
378,Data Scientist,Mashvisor Inc.,Remote,
379,Data Scientist,NICE,"Atlanta, GA",
380,Principal Data Scientist,lucid technologies,"Raleigh, NC 27601 
(South Central area)","$107,458 - $154,924 a year"
381,Data Scientist,Kansara systems,Remote,$40 - $45 an hour
382,Data Scientist (USA),Electra Vehicles,Remote,Full-time
383,Senior Data Scientist,Cargill,"Remote in Wayzata, MN 55391",Full-time
384,Sports Data Scientist,Swish Analytics,Remote,"$103,000 - $135,000 a year"
385,Sr. Data Scientist,Pri Global Inc,Remote,$80 - $90 an hour
386,Senior Data Analyst,Curology,Remote,"$140,000 - $180,000 a year"
387,Data Scientist,PROLIM Corporation,Remote,$75 - $80 an hour
388,"Sr. Director, Product Manager – Clinical Data Ecosystem",Bristol Myers Squibb,"Hybrid remote in Princeton, NJ",
389,Data Scientist,withco,"New York, NY","$180,000 - $200,000 a year"
390,Research Data Scientist,Swayable,"Remote in New York, NY",Full-time
391,Data Analyst/Scientist,Virtue Analytics,"Woodbury, MN",
392,Data Scientist,Kontakt.io,"Hybrid remote in New York, NY",Full-time
393,Data Scientist,Mashvisor Inc.,Remote,
394,Data Scientist,NICE,"Atlanta, GA",
395,Principal Data Scientist,lucid technologies,"Raleigh, NC 27601 
(South Central area)","$107,458 - $154,924 a year"
396,Data Scientist,Kansara systems,Remote,$40 - $45 an hour
397,Data Scientist (USA),Electra Vehicles,Remote,Full-time
398,Senior Data Scientist,Cargill,"Remote in Wayzata, MN 55391",Full-time
399,Sports Data Scientist,Swish Analytics,Remote,"$103,000 - $135,000 a year"
400,Sr. Data Scientist,Pri Global Inc,Remote,$80 - $90 an hour
401,Senior Data Analyst,Curology,Remote,"$140,000 - $180,000 a year"
402,Cloud Engineer - HSS Orthopedic Data Innovation Lab,Hospital for Special Surgery,"Hybrid remote in New York, NY 10021",Full-time
403,Data Scientist,PROLIM Corporation,Remote,$75 - $80 an hour
404,Data Scientist,withco,"New York, NY","$180,000 - $200,000 a year"
405,Data Scientist,Henry Ford Health,"Southfield, MI 48075",
406,Research Data Scientist,Swayable,"Remote in New York, NY",Full-time
407,Data Analyst/Scientist,Virtue Analytics,"Woodbury, MN",
408,Data Scientist,Kontakt.io,"Hybrid remote in New York, NY",Full-time
409,Data Scientist,Mashvisor Inc.,Remote,
410,Data Scientist,NICE,"Atlanta, GA",
411,Principal Data Scientist,lucid technologies,"Raleigh, NC 27601 
(South Central area)","$107,458 - $154,924 a year"
412,Data Scientist,Kansara systems,Remote,$40 - $45 an hour
413,Data Scientist (USA),Electra Vehicles,Remote,Full-time
414,Senior Data Scientist,Cargill,"Remote in Wayzata, MN 55391",Full-time
415,Sports Data Scientist,Swish Analytics,Remote,"$103,000 - $135,000 a year"
416,Sr. Data Scientist,Pri Global Inc,Remote,$80 - $90 an hour
417,Data Scientist,Liberty Personnel Services,"Hybrid remote in Cherry Hill, NJ","$85,000 a year"
418,Data Scientist,withco,"New York, NY","$180,000 - $200,000 a year"
419,Senior Data Analyst,Curology,Remote,"$140,000 - $180,000 a year"
420,Data Scientist I - AI & Risk Modeling,Caterpillar,"Hybrid remote in Chicago, IL 60622",Full-time
421,Data Scientist,Measures for Justice,"Hybrid remote in Rochester, NY","$101,116 a year"
422,Data Analyst/Scientist,Virtue Analytics,"Woodbury, MN",
423,Data Scientist,REVOLVE,"Cerritos, CA 90703","$90,000 - $120,000 a year"
424,AI Model Training: Seeking STEM topic experts for AI Projects (US),Appen,Remote,$20 - $65 an hour
425,Senior Data Scientist - E-commerce Product Analytics,TikTok,"Seattle, WA","$158,000 - $295,000 a year"
426,Health Data Scientist,University of Minnesota,"Minneapolis, MN",Full-time
427,"Staff Data Scientist, New Initiatives",Dropbox,Remote,
428,Data Scientist,"Aurora Technical Systems, LLC",Remote,$40 - $50 an hour
429,Senior Data Scientist,The College Board,Remote,Full-time
430,Strategic Customers - Data Scientist,Oracle,United States,
431,Data Science Mentors,Chegg,Remote,Part-time
432,DATA SCIENTIST I,Frontier Communications,Remote,
433,Sr Data Engineer - NLP,Peraton,"Huntsville, AL 35808","$112,000 - $179,000 a year"
434,Marketing Data Scientist,Sephora,"Remote in San Francisco, CA 94105","$153,088 - $169,000 a year"
435,Data Analyst/Scientist,Virtue Analytics,"Woodbury, MN",
436,Data Scientist,Kontakt.io,"Hybrid remote in New York, NY",Full-time
437,Data Scientist,Mashvisor Inc.,Remote,
438,Data Scientist,NICE,"Atlanta, GA",
439,Principal Data Scientist,lucid technologies,"Raleigh, NC 27601 
(South Central area)","$107,458 - $154,924 a year"
440,Data Scientist,Kansara systems,Remote,$40 - $45 an hour
441,Data Scientist (USA),Electra Vehicles,Remote,Full-time
442,Senior Data Scientist,Cargill,"Remote in Wayzata, MN 55391",Full-time
443,Sports Data Scientist,Swish Analytics,Remote,"$103,000 - $135,000 a year"
444,Sr. Data Scientist,Pri Global Inc,Remote,$80 - $90 an hour
445,Senior Data Analyst,Curology,Remote,"$140,000 - $180,000 a year"
446,Data Scientist,withco,"New York, NY","$180,000 - $200,000 a year"
447,"Senior Systems Engineer, Systems Integration Data Analyst",Raytheon,"Huntsville, AL 35806",Full-time
448,Data Scientist,Context Labs,"Cambridge, MA 02142 
(East Cambridge area)",Full-time
449,Data Scientist,PROLIM Corporation,Remote,$75 - $80 an hour
450,Research Data Scientist,Swayable,"Remote in New York, NY",Full-time
451,Data Analyst/Scientist,Virtue Analytics,"Woodbury, MN",
452,Data Scientist,Kontakt.io,"Hybrid remote in New York, NY",Full-time
453,Data Scientist,Mashvisor Inc.,Remote,
454,Data Scientist,NICE,"Atlanta, GA",
455,Principal Data Scientist,lucid technologies,"Raleigh, NC 27601 
(South Central area)","$107,458 - $154,924 a year"
456,Data Scientist,Kansara systems,Remote,$40 - $45 an hour
457,Data Scientist (USA),Electra Vehicles,Remote,Full-time
458,Senior Data Scientist,Cargill,"Remote in Wayzata, MN 55391",Full-time
459,Sports Data Scientist,Swish Analytics,Remote,"$103,000 - $135,000 a year"
460,Sr. Data Scientist,Pri Global Inc,Remote,$80 - $90 an hour
461,Senior Data Analyst,Curology,Remote,"$140,000 - $180,000 a year"
462,Data Scientist,PROLIM Corporation,Remote,$75 - $80 an hour
463,Senior Statistical Programming Manager - Remote,Penfield Search Partners,Remote,Full-time
464,Data Scientist,withco,"New York, NY","$180,000 - $200,000 a year"
465,Data Scientist,VitalCORE,Remote,
466,Data Scientist-Onsite,Aries Solutions,"Hybrid remote in Charlotte, NC 28203",$80 - $90 an hour
467,Data Scientist,AmeriTEK Global,"Piscataway, NJ 08854",Full-time
468,Remote - Data Scientist,Green Dot Corporation,Remote,"$78,800 - $120,200 a year"
469,Data Scientist,Management Science Solutions,"Chantilly, VA","$104,082 - $210,832 a year"
470,Data Scientist,Blizzard Entertainment,"Hybrid remote in Irvine, CA 92618","$71,300 - $131,906 a year"
471,Junior Data Scientist,SoundThinking,"Fremont, CA 94538 
(Downtown area)","$80,000 - $90,000 a year"
472,Data Scientist,Denver Health,"Denver, CO 80203 
(Lincoln Park area)","$69,900 - $104,900 a year"
473,Data Scientist,Marlabs Innovations Private Limited,United States,
474,Sr Operations Data Analyst,Hertz,"Estero, FL 33928","$78,000 a year"
475,Data Scientist,Cognize tech solutions,Remote,"$65,000 - $80,000 a year"
476,Data Scientist,Pinterest,Remote,
477,Data Scientist,NutaNXT Technologies,"Santa Clara, CA",
478,Python Data Scientist,konnectingtree.Inc,Remote,"$110,000 - $115,000 a year"
479,Data Scientist,REVOLVE,"Cerritos, CA 90703","$90,000 - $120,000 a year"
480,Senior Statistical Programmer - FSP,PHASTAR,Remote,Full-time
481,Data Scientist,Context Labs,"Cambridge, MA 02142 
(East Cambridge area)",Full-time
482,Data Scientist,Assetario,Remote,
483,Data Scientist,VitalCORE,Remote,
484,Data Scientist-Onsite,Aries Solutions,"Hybrid remote in Charlotte, NC 28203",$80 - $90 an hour
485,Data Scientist,AmeriTEK Global,"Piscataway, NJ 08854",Full-time
486,Remote - Data Scientist,Green Dot Corporation,Remote,"$78,800 - $120,200 a year"
487,Data Scientist,Management Science Solutions,"Chantilly, VA","$104,082 - $210,832 a year"
488,Research Data Scientist,Booz Allen Hamilton,"Hybrid remote in Washington, DC","$73,100 - $166,000 a year"
489,Data Scientist,Blizzard Entertainment,"Hybrid remote in Irvine, CA 92618","$71,300 - $131,906 a year"
490,Junior Data Scientist,SoundThinking,"Fremont, CA 94538 
(Downtown area)","$80,000 - $90,000 a year"
491,Senior Vice President / Senior Data Architect/Manager - Rutherford NJ - Hybrid,Citi,"Rutherford, NJ 07070","$170,880 - $256,320 a year"
492,Data Scientist,Marlabs Innovations Private Limited,United States,
493,Data Scientist,Cognize tech solutions,Remote,"$65,000 - $80,000 a year"
494,Data Scientist,Denver Health,"Denver, CO 80203 
(Lincoln Park area)","$69,900 - $104,900 a year"
495,Data Scientist-Onsite,Aries Solutions,"Hybrid remote in Charlotte, NC 28203",$80 - $90 an hour
496,Data Scientist,AmeriTEK Global,"Piscataway, NJ 08854",Full-time
497,Remote - Data Scientist,Green Dot Corporation,Remote,"$78,800 - $120,200 a year"
498,Data Scientist,Management Science Solutions,"Chantilly, VA","$104,082 - $210,832 a year"
499,Research Data Scientist,Booz Allen Hamilton,"Hybrid remote in Washington, DC","$73,100 - $166,000 a year"
500,Data Scientist,Blizzard Entertainment,"Hybrid remote in Irvine, CA 92618","$71,300 - $131,906 a year"
501,Junior Data Scientist,SoundThinking,"Fremont, CA 94538 
(Downtown area)","$80,000 - $90,000 a year"
502,Data Scientist,Denver Health,"Denver, CO 80203 
(Lincoln Park area)","$69,900 - $104,900 a year"
503,Data Scientist,Marlabs Innovations Private Limited,United States,
504,Data Scientist,Cognize tech solutions,Remote,"$65,000 - $80,000 a year"
505,Data Scientist,Pinterest,Remote,
506,Data Scientist,REVOLVE,"Cerritos, CA 90703","$90,000 - $120,000 a year"
507,Principal Statistical Programmer,Penfield Search Partners,"Hybrid remote in Florham Park, NJ",Full-time
508,Python Data Scientist,konnectingtree.Inc,Remote,"$110,000 - $115,000 a year"
509,Data Scientist,NutaNXT Technologies,"Santa Clara, CA",
510,Sr Data Engineer - NLP,Peraton,"Huntsville, AL 35808","$112,000 - $179,000 a year"
511,Data Scientist,Context Labs,"Cambridge, MA 02142 
(East Cambridge area)",Full-time
512,Data Scientist,Assetario,Remote,
513,Data Scientist,FLEETCOR,"Remote in Atlanta, GA",Full-time
514,Data Scientist,VitalCORE,Remote,
515,Data Scientist-Onsite,Aries Solutions,"Hybrid remote in Charlotte, NC 28203",$80 - $90 an hour
516,Data Scientist,AmeriTEK Global,"Piscataway, NJ 08854",Full-time
517,Remote - Data Scientist,Green Dot Corporation,Remote,"$78,800 - $120,200 a year"
518,Data Scientist,Management Science Solutions,"Chantilly, VA","$104,082 - $210,832 a year"
519,Research Data Scientist,Booz Allen Hamilton,"Hybrid remote in Washington, DC","$73,100 - $166,000 a year"
520,Data Scientist,Blizzard Entertainment,"Hybrid remote in Irvine, CA 92618","$71,300 - $131,906 a year"
521,Junior Data Scientist,SoundThinking,"Fremont, CA 94538 
(Downtown area)","$80,000 - $90,000 a year"
522,Data Scientist,Denver Health,"Denver, CO 80203 
(Lincoln Park area)","$69,900 - $104,900 a year"
523,Data Scientist,Marlabs Innovations Private Limited,United States,
524,Statistician 1 - Alzheimer's Disease - Full-time,Rush University Medical Center,"Chicago, IL 60612 
(Illinois Medical District area)",Full-time
525,Data Scientist,VitalCORE,Remote,
526,Data Scientist-Onsite,Aries Solutions,"Hybrid remote in Charlotte, NC 28203",$80 - $90 an hour
527,Data Scientist,AmeriTEK Global,"Piscataway, NJ 08854",Full-time
528,Remote - Data Scientist,Green Dot Corporation,Remote,"$78,800 - $120,200 a year"
529,Data Scientist,Management Science Solutions,"Chantilly, VA","$104,082 - $210,832 a year"
530,Research Data Scientist,Booz Allen Hamilton,"Hybrid remote in Washington, DC","$73,100 - $166,000 a year"
531,Data Scientist,Blizzard Entertainment,"Hybrid remote in Irvine, CA 92618","$71,300 - $131,906 a year"
532,Junior Data Scientist,SoundThinking,"Fremont, CA 94538 
(Downtown area)","$80,000 - $90,000 a year"
533,Data Scientist,Denver Health,"Denver, CO 80203 
(Lincoln Park area)","$69,900 - $104,900 a year"
534,Data Scientist,Marlabs Innovations Private Limited,United States,
535,Distinguished Engineer (Director) - Generative AI,Capital One,"Hybrid remote in New York, NY 10012",Full-time
536,Data Scientist,Cognize tech solutions,Remote,"$65,000 - $80,000 a year"
537,Data Scientist,REVOLVE,"Cerritos, CA 90703","$90,000 - $120,000 a year"
538,Data Scientist,NutaNXT Technologies,"Santa Clara, CA",
539,Data Scientist,Pinterest,Remote,
540,Data Scientist,AmeriTEK Global,"Piscataway, NJ 08854",Full-time
541,Remote - Data Scientist,Green Dot Corporation,Remote,"$78,800 - $120,200 a year"
542,Data Scientist,Management Science Solutions,"Chantilly, VA","$104,082 - $210,832 a year"
543,Data Scientist,Blizzard Entertainment,"Hybrid remote in Irvine, CA 92618","$71,300 - $131,906 a year"
544,Junior Data Scientist,SoundThinking,"Fremont, CA 94538 
(Downtown area)","$80,000 - $90,000 a year"
545,Data Scientist,Denver Health,"Denver, CO 80203 
(Lincoln Park area)","$69,900 - $104,900 a year"
546,Data Scientist,Marlabs Innovations Private Limited,United States,
547,Data Scientist,Cognize tech solutions,Remote,"$65,000 - $80,000 a year"
548,Data Scientist,Pinterest,Remote,
549,Data Scientist,REVOLVE,"Cerritos, CA 90703","$90,000 - $120,000 a year"
550,Data Scientist,NutaNXT Technologies,"Santa Clara, CA",
551,Python Data Scientist,konnectingtree.Inc,Remote,"$110,000 - $115,000 a year"
552,Data Scientist,Avenue Code,Remote in United States,"$110,000 - $200,000 a year"
553,"(Hybrid) Assistant Vice President, Machine Learning and Advanced Analytics - San Antonio Texas",PenFed Credit Union,"San Antonio, TX 78259 
(Encino Park area)",Full-time
554,Data Scientist,Agile Tech Labs,"Atlanta, GA 30303 
(Downtown area)",$65 - $75 an hour
555,Data Scientist,Context Labs,"Cambridge, MA 02142 
(East Cambridge area)",Full-time
556,Data Scientist,Assetario,Remote,
557,Data Scientist,FLEETCOR,"Remote in Atlanta, GA",Full-time
558,Data Scientist,VitalCORE,Remote,
559,Data Scientist-Onsite,Aries Solutions,"Hybrid remote in Charlotte, NC 28203",$80 - $90 an hour
560,Data Scientist,AmeriTEK Global,"Piscataway, NJ 08854",Full-time
561,Remote - Data Scientist,Green Dot Corporation,Remote,"$78,800 - $120,200 a year"
562,Data Scientist,Management Science Solutions,"Chantilly, VA","$104,082 - $210,832 a year"
563,Data Scientist,Blizzard Entertainment,"Hybrid remote in Irvine, CA 92618","$71,300 - $131,906 a year"
564,Junior Data Scientist,SoundThinking,"Fremont, CA 94538 
(Downtown area)","$80,000 - $90,000 a year"
565,Senior Manager - Statistical Programming,"Yoh, A Day & Zimmermann Company","Parsippany, NJ",Contract
566,Data Scientist,Denver Health,"Denver, CO 80203 
(Lincoln Park area)","$69,900 - $104,900 a year"
567,Data Scientist,Cognize tech solutions,Remote,"$65,000 - $80,000 a year"
568,Data Scientist,Pinterest,Remote,
569,Data Scientist,Marlabs Innovations Private Limited,United States,
570,Data Scientist,Context Labs,"Cambridge, MA 02142 
(East Cambridge area)",Full-time
571,Data Scientist,Assetario,Remote,
572,Data Scientist,VitalCORE,Remote,
573,Data Scientist-Onsite,Aries Solutions,"Hybrid remote in Charlotte, NC 28203",$80 - $90 an hour
574,Data Scientist,AmeriTEK Global,"Piscataway, NJ 08854",Full-time
575,Remote - Data Scientist,Green Dot Corporation,Remote,"$78,800 - $120,200 a year"
576,Data Scientist,Management Science Solutions,"Chantilly, VA","$104,082 - $210,832 a year"
577,Research Data Scientist,Booz Allen Hamilton,"Hybrid remote in Washington, DC","$73,100 - $166,000 a year"
578,Data Scientist,Blizzard Entertainment,"Hybrid remote in Irvine, CA 92618","$71,300 - $131,906 a year"
579,Junior Data Scientist,SoundThinking,"Fremont, CA 94538 
(Downtown area)","$80,000 - $90,000 a year"
580,Manager of Data Science (Boston or NYC/Hybrid),Daley and Associates,"Boston, MA 02117 
(South End area)","$130,000 a year"
581,Data Scientist,Denver Health,"Denver, CO 80203 
(Lincoln Park area)","$69,900 - $104,900 a year"
582,Data Scientist,Cognize tech solutions,Remote,"$65,000 - $80,000 a year"
583,Data Scientist,Pinterest,Remote,
584,Data Scientist,Marlabs Innovations Private Limited,United States,
585,Data Scientist,Context Labs,"Cambridge, MA 02142 
(East Cambridge area)",Full-time
586,Data Scientist,Assetario,Remote,
587,Data Scientist,FLEETCOR,"Remote in Atlanta, GA",Full-time
588,Data Scientist,VitalCORE,Remote,
589,Data Scientist-Onsite,Aries Solutions,"Hybrid remote in Charlotte, NC 28203",$80 - $90 an hour
590,Data Scientist,AmeriTEK Global,"Piscataway, NJ 08854",Full-time
591,Remote - Data Scientist,Green Dot Corporation,Remote,"$78,800 - $120,200 a year"
592,Data Scientist,Management Science Solutions,"Chantilly, VA","$104,082 - $210,832 a year"
593,Data Scientist,Blizzard Entertainment,"Hybrid remote in Irvine, CA 92618","$71,300 - $131,906 a year"
594,Junior Data Scientist,SoundThinking,"Fremont, CA 94538 
(Downtown area)","$80,000 - $90,000 a year"
595,Senior Statistical Programming Manager - Remote,Penfield Search Partners,Remote,Full-time
596,Data Scientist,Denver Health,"Denver, CO 80203 
(Lincoln Park area)","$69,900 - $104,900 a year"
597,Data Scientist,Cognize tech solutions,Remote,"$65,000 - $80,000 a year"
598,Data Scientist,Pinterest,Remote,
599,Data Scientist,Marlabs Innovations Private Limited,United States,
600,Data Scientist,Assetario,Remote,
601,Data Scientist,FLEETCOR,"Remote in Atlanta, GA",Full-time
602,Data Scientist,VitalCORE,Remote,
603,Data Scientist-Onsite,Aries Solutions,"Hybrid remote in Charlotte, NC 28203",$80 - $90 an hour
604,Data Scientist,AmeriTEK Global,"Piscataway, NJ 08854",Full-time
605,Remote - Data Scientist,Green Dot Corporation,Remote,"$78,800 - $120,200 a year"
606,Data Scientist,Management Science Solutions,"Chantilly, VA","$104,082 - $210,832 a year"
607,Data Scientist,Blizzard Entertainment,"Hybrid remote in Irvine, CA 92618","$71,300 - $131,906 a year"
608,Junior Data Scientist,SoundThinking,"Fremont, CA 94538 
(Downtown area)","$80,000 - $90,000 a year"
609,Data Scientist,Denver Health,"Denver, CO 80203 
(Lincoln Park area)","$69,900 - $104,900 a year"
610,Data Scientist,Marlabs Innovations Private Limited,United States,
611,"Director, Statistical Programming",Firma Clinical Research,Remote,Full-time
612,Data Scientist,Pinterest,Remote,
613,Data Scientist,REVOLVE,"Cerritos, CA 90703","$90,000 - $120,000 a year"
614,Data Scientist,Cognize tech solutions,Remote,"$65,000 - $80,000 a year"
615,Data Scientist,BPGbio,"Framingham, MA 01701",
616,Strategic Customers - Data Scientist,Oracle,United States,
617,2024 Early Talent Rotational Program: Technology - Data & AI (CDAIO),TIAA,"Charlotte, NC","$71,000 - $73,000 a year"
618,Data Scientist,Keystone Strategy,"Boston, MA","$97,000 - $198,000 a year"
619,Data Scientist Modeling,Optimal Inc.,"Dearborn, MI 48120",Contract
620,Data Scientist,Clayco,"Overland, MO 63114",Full-time
621,Data Scientist,National Security Agency,"Fort Meade, MD","$77,745 - $183,500 a year"
622,Data Scientist,"Stillwater Human Capital, LLC.","McLean, VA 22101",
623,Data Scientist,DigitCompass,"Washington, DC","$90,000 - $150,000 a year"
624,"NLP Data Scientist, Magnifi",TIFIN,"Boulder, CO",
625,Data Scientist,Ivy Tech Solutions inc,Remote,"Contract
+1"
626,Data Scientist,NLB Technology Services,Remote,$55 - $65 an hour
627,Data Scientist,Synectics for Management Decisions Inc,"Arlington, VA 22209 
(North Rosslyn area)",Full-time
628,Data Scientist,CPower,Remote,Full-time
629,Statistical Programmer,EPM Scientific,Remote,Contract
630,Data Scientist,BPGbio,"Framingham, MA 01701",
631,Strategic Customers - Data Scientist,Oracle,United States,
632,2024 Early Talent Rotational Program: Technology - Data & AI (CDAIO),TIAA,"Charlotte, NC","$71,000 - $73,000 a year"
633,Data Scientist,Keystone Strategy,"Boston, MA","$97,000 - $198,000 a year"
634,Data Scientist Modeling,Optimal Inc.,"Dearborn, MI 48120",Contract
635,Data Scientist,Clayco,"Overland, MO 63114",Full-time
636,Data Scientist,"Stillwater Human Capital, LLC.","McLean, VA 22101",
637,Data Scientist,DigitCompass,"Washington, DC","$90,000 - $150,000 a year"
638,"NLP Data Scientist, Magnifi",TIFIN,"Boulder, CO",
639,Data Scientist,Ivy Tech Solutions inc,Remote,"Contract
+1"
640,Data Scientist,NLB Technology Services,Remote,$55 - $65 an hour
641,Data Scientist,Synectics for Management Decisions Inc,"Arlington, VA 22209 
(North Rosslyn area)",Full-time
642,Data Scientist,CPower,Remote,Full-time
643,Sr. Data Scientist,1010data,"Remote in New York, NY","$130,000 - $145,000 a year"
644,"(Hybrid) Assistant Vice President, Machine Learning and Advanced Analytics - San Antonio Texas",PenFed Credit Union,"San Antonio, TX 78259 
(Encino Park area)",Full-time
645,Data Scientist,Agile Tech Labs,"Atlanta, GA 30303 
(Downtown area)",$65 - $75 an hour
646,Data Scientist,Avenue Code,Remote in United States,"$110,000 - $200,000 a year"
647,Data Scientist,BPGbio,"Framingham, MA 01701",
648,Strategic Customers - Data Scientist,Oracle,United States,
649,2024 Early Talent Rotational Program: Technology - Data & AI (CDAIO),TIAA,"Charlotte, NC","$71,000 - $73,000 a year"
650,Data Scientist,Keystone Strategy,"Boston, MA","$97,000 - $198,000 a year"
651,Data Scientist Modeling,Optimal Inc.,"Dearborn, MI 48120",Contract
652,Data Scientist,Clayco,"Overland, MO 63114",Full-time
653,Data Scientist,National Security Agency,"Fort Meade, MD","$77,745 - $183,500 a year"
654,Data Scientist,"Stillwater Human Capital, LLC.","McLean, VA 22101",
655,Data Scientist,DigitCompass,"Washington, DC","$90,000 - $150,000 a year"
656,"NLP Data Scientist, Magnifi",TIFIN,"Boulder, CO",
657,Data Scientist,Ivy Tech Solutions inc,Remote,"Contract
+1"
658,Data Scientist,NLB Technology Services,Remote,$55 - $65 an hour
659,"Senior Manager, Statistical Programming",Bristol Myers Squibb,New Jersey,
660,Data Scientist,NutaNXT Technologies,"Santa Clara, CA",
661,Python Data Scientist,konnectingtree.Inc,Remote,"$110,000 - $115,000 a year"
662,Data Scientist,Agile Tech Labs,"Atlanta, GA 30303 
(Downtown area)",$65 - $75 an hour
663,Data Scientist,Avenue Code,Remote in United States,"$110,000 - $200,000 a year"
664,Data Scientist,BPGbio,"Framingham, MA 01701",
665,Strategic Customers - Data Scientist,Oracle,United States,
666,2024 Early Talent Rotational Program: Technology - Data & AI (CDAIO),TIAA,"Charlotte, NC","$71,000 - $73,000 a year"
667,Data Scientist,Keystone Strategy,"Boston, MA","$97,000 - $198,000 a year"
668,Data Scientist Modeling,Optimal Inc.,"Dearborn, MI 48120",Contract
669,Software Engineer Lead - AI/Analytics - Enterprise Data Management Team,PNC Financial Services Group,"Pittsburgh, PA",
670,Data Scientist,Clayco,"Overland, MO 63114",Full-time
671,Data Scientist,National Security Agency,"Fort Meade, MD","$77,745 - $183,500 a year"
672,Data Scientist,DigitCompass,"Washington, DC","$90,000 - $150,000 a year"
673,"Senior Manager, Statistical Programming",Takeda Pharmaceutical,"Remote in Lexington, MA 02420",Full-time
674,Data Scientist,"Stillwater Human Capital, LLC.","McLean, VA 22101",
675,Data Scientist,NutaNXT Technologies,"Santa Clara, CA",
676,Python Data Scientist,konnectingtree.Inc,Remote,"$110,000 - $115,000 a year"
677,Data Scientist,Agile Tech Labs,"Atlanta, GA 30303 
(Downtown area)",$65 - $75 an hour
678,Data Scientist,Avenue Code,Remote in United States,"$110,000 - $200,000 a year"
679,Data Scientist,BPGbio,"Framingham, MA 01701",
680,Strategic Customers - Data Scientist,Oracle,United States,
681,2024 Early Talent Rotational Program: Technology - Data & AI (CDAIO),TIAA,"Charlotte, NC","$71,000 - $73,000 a year"
682,Data Scientist,Keystone Strategy,"Boston, MA","$97,000 - $198,000 a year"
683,Data Scientist Modeling,Optimal Inc.,"Dearborn, MI 48120",Contract
684,Data Scientist,Clayco,"Overland, MO 63114",Full-time
685,Data Scientist,National Security Agency,"Fort Meade, MD","$77,745 - $183,500 a year"
686,Data Scientist,"Stillwater Human Capital, LLC.","McLean, VA 22101",
687,"NLP Data Scientist, Magnifi",TIFIN,"Boulder, CO",
688,"Senior Systems Engineer, Systems Integration Data Analyst",Raytheon,"Huntsville, AL 35806",Full-time
689,Data Scientist,DigitCompass,"Washington, DC","$90,000 - $150,000 a year"
690,Data Scientist,NutaNXT Technologies,"Santa Clara, CA",
691,Python Data Scientist,konnectingtree.Inc,Remote,"$110,000 - $115,000 a year"
692,Data Scientist,Agile Tech Labs,"Atlanta, GA 30303 
(Downtown area)",$65 - $75 an hour
693,Data Scientist,Avenue Code,Remote in United States,"$110,000 - $200,000 a year"
694,Data Scientist,BPGbio,"Framingham, MA 01701",
695,Strategic Customers - Data Scientist,Oracle,United States,
696,2024 Early Talent Rotational Program: Technology - Data & AI (CDAIO),TIAA,"Charlotte, NC","$71,000 - $73,000 a year"
697,Data Scientist,Keystone Strategy,"Boston, MA","$97,000 - $198,000 a year"
698,Data Scientist Modeling,Optimal Inc.,"Dearborn, MI 48120",Contract
699,Data Scientist,Clayco,"Overland, MO 63114",Full-time
700,Data Scientist,National Security Agency,"Fort Meade, MD","$77,745 - $183,500 a year"
701,Data Scientist,"Stillwater Human Capital, LLC.","McLean, VA 22101",
702,Data Scientist,DigitCompass,"Washington, DC","$90,000 - $150,000 a year"
703,"NLP Data Scientist, Magnifi",TIFIN,"Boulder, CO",
704,Statistical Programmer,EPM Scientific,Remote,Contract
705,Data Scientist,Avenue Code,Remote in United States,"$110,000 - $200,000 a year"
706,Data Scientist,BPGbio,"Framingham, MA 01701",
707,Strategic Customers - Data Scientist,Oracle,United States,
708,2024 Early Talent Rotational Program: Technology - Data & AI (CDAIO),TIAA,"Charlotte, NC","$71,000 - $73,000 a year"
709,Data Scientist,Keystone Strategy,"Boston, MA","$97,000 - $198,000 a year"
710,Data Scientist Modeling,Optimal Inc.,"Dearborn, MI 48120",Contract
711,Data Scientist,Clayco,"Overland, MO 63114",Full-time
712,Data Scientist,"Stillwater Human Capital, LLC.","McLean, VA 22101",
713,Data Scientist,DigitCompass,"Washington, DC","$90,000 - $150,000 a year"
714,"NLP Data Scientist, Magnifi",TIFIN,"Boulder, CO",
715,Data Scientist,Ivy Tech Solutions inc,Remote,"Contract
+1"
716,Data Scientist,NLB Technology Services,Remote,$55 - $65 an hour
717,Data Scientist,Synectics for Management Decisions Inc,"Arlington, VA 22209 
(North Rosslyn area)",Full-time
718,Data Scientist,CPower,Remote,Full-time
719,Manufacturing Life Science - IT Agile Project Manager - Data Science / Data Lake,NTT DATA,"Pittsburgh, PA 15289",
720,Data Scientist,BPGbio,"Framingham, MA 01701",
721,Strategic Customers - Data Scientist,Oracle,United States,
722,2024 Early Talent Rotational Program: Technology - Data & AI (CDAIO),TIAA,"Charlotte, NC","$71,000 - $73,000 a year"
723,Data Scientist,Keystone Strategy,"Boston, MA","$97,000 - $198,000 a year"
724,Data Scientist Modeling,Optimal Inc.,"Dearborn, MI 48120",Contract
725,Data Scientist,Clayco,"Overland, MO 63114",Full-time
726,Data Scientist,National Security Agency,"Fort Meade, MD","$77,745 - $183,500 a year"
727,Data Scientist,"Stillwater Human Capital, LLC.","McLean, VA 22101",
728,Data Scientist,DigitCompass,"Washington, DC","$90,000 - $150,000 a year"
729,"NLP Data Scientist, Magnifi",TIFIN,"Boulder, CO",
730,Data Scientist,Ivy Tech Solutions inc,Remote,"Contract
+1"
731,Data Scientist,NLB Technology Services,Remote,$55 - $65 an hour
732,"Principal Software Engineer, Machine Learning Engineering",Experis,"Richmond, VA 23238",Full-time
733,Data Scientist,CPower,Remote,Full-time
734,Data Scientist,Synectics for Management Decisions Inc,"Arlington, VA 22209 
(North Rosslyn area)",Full-time
735,Data Scientist,REVOLVE,"Cerritos, CA 90703","$90,000 - $120,000 a year"
736,Data Scientist,NutaNXT Technologies,"Santa Clara, CA",
737,Python Data Scientist,konnectingtree.Inc,Remote,"$110,000 - $115,000 a year"
738,Data Scientist,Agile Tech Labs,"Atlanta, GA 30303 
(Downtown area)",$65 - $75 an hour
739,Data Scientist,Avenue Code,Remote in United States,"$110,000 - $200,000 a year"
740,Data Scientist,BPGbio,"Framingham, MA 01701",
741,Strategic Customers - Data Scientist,Oracle,United States,
742,2024 Early Talent Rotational Program: Technology - Data & AI (CDAIO),TIAA,"Charlotte, NC","$71,000 - $73,000 a year"
743,Data Scientist,Keystone Strategy,"Boston, MA","$97,000 - $198,000 a year"
744,Data Scientist Modeling,Optimal Inc.,"Dearborn, MI 48120",Contract
745,Data Scientist,Clayco,"Overland, MO 63114",Full-time
746,Data Scientist,National Security Agency,"Fort Meade, MD","$77,745 - $183,500 a year"
747,Data Scientist,DigitCompass,"Washington, DC","$90,000 - $150,000 a year"
748,Senior Predictive Modeler,Sitewise Analytics,"Dallas, TX","From $90,000 a year"
749,Data Scientist,"Stillwater Human Capital, LLC.","McLean, VA 22101",
750,Data Scientist,NutaNXT Technologies,"Santa Clara, CA",
751,Python Data Scientist,konnectingtree.Inc,Remote,"$110,000 - $115,000 a year"
752,Data Scientist,Agile Tech Labs,"Atlanta, GA 30303 
(Downtown area)",$65 - $75 an hour
753,Data Scientist,Avenue Code,Remote in United States,"$110,000 - $200,000 a year"
754,Data Scientist,BPGbio,"Framingham, MA 01701",
755,Strategic Customers - Data Scientist,Oracle,United States,
756,2024 Early Talent Rotational Program: Technology - Data & AI (CDAIO),TIAA,"Charlotte, NC","$71,000 - $73,000 a year"
757,Data Scientist,Keystone Strategy,"Boston, MA","$97,000 - $198,000 a year"
758,Data Scientist Modeling,Optimal Inc.,"Dearborn, MI 48120",Contract
759,Data Scientist,Clayco,"Overland, MO 63114",Full-time
760,Data Scientist,"Stillwater Human Capital, LLC.","McLean, VA 22101",
761,Data Scientist,DigitCompass,"Washington, DC","$90,000 - $150,000 a year"
762,"NLP Data Scientist, Magnifi",TIFIN,"Boulder, CO",
763,Data Scientist,Ivy Tech Solutions inc,Remote,"Contract
+1"
764,"Director, Data Product Manager – Clinical Ops & Real-World Evidence",Bristol Myers Squibb,"Hybrid remote in Princeton, NJ",
765,Data Scientist,NLB Technology Services,Remote,$55 - $65 an hour
766,Data Scientist,Synectics for Management Decisions Inc,"Arlington, VA 22209 
(North Rosslyn area)",Full-time
767,Data Scientist,CPower,Remote,Full-time
768,Sr. Data Scientist,1010data,"Remote in New York, NY","$130,000 - $145,000 a year"
769,Data Scientist,Fulcrum Analytics,Remote,"$100,000 - $130,000 a year"
770,Data Scientist,Procter & Gamble,"Cincinnati, OH","Contract
+1"
771,Data Scientist II,Microsoft,"Redmond, WA 98052 
(Overlake area)","$94,300 - $182,600 a year"
772,Data Scientist,Carbon Direct,"Remote in San Francisco, CA","$135,000 - $165,000 a year"
773,Data Scientist,University of North Carolina at Chapel Hill,"Chapel Hill, NC 27599",Full-time
774,Data Scientist,Warrant Technologies,Remote,
775,"Director, Data Science",RUE GILT GROUPE,"Hybrid remote in New York, NY","$200,000 - $250,000 a year"
776,Data Engineer Scientist,EX2 Outcoding,Remote,Full-time
777,"Global Financial Crimes - Model Governance and Analytics, AVP - Hybrid (TX)",MUFG,"Hybrid remote in Irving, TX","$85,000 - $105,000 a year"
778,Data Scientist,The Chefs' Warehouse,Remote,Full-time
779,Role: Data Scientist (retail domain),PSRTEK,Remote,"$80,934 - $175,943 a year"
780,Data Scientist,Synectics for Management Decisions Inc,"Arlington, VA 22209 
(North Rosslyn area)",Full-time
781,Data Scientist,CPower,Remote,Full-time
782,Sr. Data Scientist,1010data,"Remote in New York, NY","$130,000 - $145,000 a year"
783,Data Scientist,Fulcrum Analytics,Remote,"$100,000 - $130,000 a year"
784,Data Scientist,Procter & Gamble,"Cincinnati, OH","Contract
+1"
785,Data Scientist II,Microsoft,"Redmond, WA 98052 
(Overlake area)","$94,300 - $182,600 a year"
786,Data Scientist,Carbon Direct,"Remote in San Francisco, CA","$135,000 - $165,000 a year"
787,Data Scientist,University of North Carolina at Chapel Hill,"Chapel Hill, NC 27599",Full-time
788,Data Scientist,Warrant Technologies,Remote,
789,"Director, Data Science",RUE GILT GROUPE,"Hybrid remote in New York, NY","$200,000 - $250,000 a year"
790,Data Engineer Scientist,EX2 Outcoding,Remote,Full-time
791,Role: Data Scientist (retail domain),PSRTEK,Remote,"$80,934 - $175,943 a year"
792,Data Scientist,The Chefs' Warehouse,Remote,Full-time
793,Data Scientist,"Wurl, LLC",Remote,
794,"(Hybrid) Assistant Vice President, Machine Learning and Advanced Analytics - San Antonio Texas",PenFed Credit Union,"San Antonio, TX 78259 
(Encino Park area)",Full-time
795,Data Scientist,NLB Technology Services,Remote,$55 - $65 an hour
796,Data Scientist,Synectics for Management Decisions Inc,"Arlington, VA 22209 
(North Rosslyn area)",Full-time
797,Data Scientist,CPower,Remote,Full-time
798,Sr. Data Scientist,1010data,"Remote in New York, NY","$130,000 - $145,000 a year"
799,Data Scientist,Fulcrum Analytics,Remote,"$100,000 - $130,000 a year"
800,Data Scientist,Procter & Gamble,"Cincinnati, OH","Contract
+1"
801,Data Scientist II,Microsoft,"Redmond, WA 98052 
(Overlake area)","$94,300 - $182,600 a year"
802,Data Scientist,Carbon Direct,"Remote in San Francisco, CA","$135,000 - $165,000 a year"
803,Data Scientist,University of North Carolina at Chapel Hill,"Chapel Hill, NC 27599",Full-time
804,Data Scientist,Warrant Technologies,Remote,
805,"Director, Data Science",RUE GILT GROUPE,"Hybrid remote in New York, NY","$200,000 - $250,000 a year"
806,Data Engineer Scientist,EX2 Outcoding,Remote,Full-time
807,Role: Data Scientist (retail domain),PSRTEK,Remote,"$80,934 - $175,943 a year"
808,Data Scientist,The Chefs' Warehouse,Remote,Full-time
809,"(Hybrid) Assistant Vice President, Machine Learning and Advanced Analytics - San Antonio Texas",PenFed Credit Union,"San Antonio, TX 78259 
(Encino Park area)",Full-time
810,Data Scientist,CPower,Remote,Full-time
811,Sr. Data Scientist,1010data,"Remote in New York, NY","$130,000 - $145,000 a year"
812,Data Scientist,Fulcrum Analytics,Remote,"$100,000 - $130,000 a year"
813,Data Scientist,Procter & Gamble,"Cincinnati, OH","Contract
+1"
814,Data Scientist II,Microsoft,"Redmond, WA 98052 
(Overlake area)","$94,300 - $182,600 a year"
815,Data Scientist,Carbon Direct,"Remote in San Francisco, CA","$135,000 - $165,000 a year"
816,Data Scientist,University of North Carolina at Chapel Hill,"Chapel Hill, NC 27599",Full-time
817,Data Scientist,Warrant Technologies,Remote,
818,"Director, Data Science",RUE GILT GROUPE,"Hybrid remote in New York, NY","$200,000 - $250,000 a year"
819,Data Engineer Scientist,EX2 Outcoding,Remote,Full-time
820,Role: Data Scientist (retail domain),PSRTEK,Remote,"$80,934 - $175,943 a year"
821,"Director, Data Product Manager – Clinical Ops & Real-World Evidence",Bristol Myers Squibb,"Hybrid remote in Princeton, NJ",
822,Data Scientist,"Wurl, LLC",Remote,
823,Data Scientist,"Zartico, Inc.",Remote,"$110,000 a year"
824,Data Scientist,The Chefs' Warehouse,Remote,Full-time
825,Data Scientist,CPower,Remote,Full-time
826,Sr. Data Scientist,1010data,"Remote in New York, NY","$130,000 - $145,000 a year"
827,Data Scientist,Fulcrum Analytics,Remote,"$100,000 - $130,000 a year"
828,Data Scientist,Procter & Gamble,"Cincinnati, OH","Contract
+1"
829,Data Scientist II,Microsoft,"Redmond, WA 98052 
(Overlake area)","$94,300 - $182,600 a year"
830,Data Scientist,Carbon Direct,"Remote in San Francisco, CA","$135,000 - $165,000 a year"
831,Data Scientist,University of North Carolina at Chapel Hill,"Chapel Hill, NC 27599",Full-time
832,Data Scientist,Warrant Technologies,Remote,
833,"Director, Data Science",RUE GILT GROUPE,"Hybrid remote in New York, NY","$200,000 - $250,000 a year"
834,Data Engineer Scientist,EX2 Outcoding,Remote,Full-time
835,Role: Data Scientist (retail domain),PSRTEK,Remote,"$80,934 - $175,943 a year"
836,Data Scientist,The Chefs' Warehouse,Remote,Full-time
837,Senior Marketing Data Analyst,Backcountry,"Park City, UT 84098","$85,000 - $98,000 a year"
838,Data Scientist,"Zartico, Inc.",Remote,"$110,000 a year"
839,Data Scientist,"Wurl, LLC",Remote,
840,Data Scientist,Ivy Tech Solutions inc,Remote,"Contract
+1"
841,Data Scientist,NLB Technology Services,Remote,$55 - $65 an hour
842,Data Scientist,Synectics for Management Decisions Inc,"Arlington, VA 22209 
(North Rosslyn area)",Full-time
843,Data Scientist,CPower,Remote,Full-time
844,Sr. Data Scientist,1010data,"Remote in New York, NY","$130,000 - $145,000 a year"
845,Data Scientist,Fulcrum Analytics,Remote,"$100,000 - $130,000 a year"
846,Data Scientist,Procter & Gamble,"Cincinnati, OH","Contract
+1"
847,Data Scientist II,Microsoft,"Redmond, WA 98052 
(Overlake area)","$94,300 - $182,600 a year"
848,Data Scientist,Carbon Direct,"Remote in San Francisco, CA","$135,000 - $165,000 a year"
849,Data Scientist,University of North Carolina at Chapel Hill,"Chapel Hill, NC 27599",Full-time
850,Data Scientist,Warrant Technologies,Remote,
851,"Director, Data Science",RUE GILT GROUPE,"Hybrid remote in New York, NY","$200,000 - $250,000 a year"
852,Principal Statistical Programmer,Penfield Search Partners,"Hybrid remote in Florham Park, NJ",Full-time
853,Role: Data Scientist (retail domain),PSRTEK,Remote,"$80,934 - $175,943 a year"
854,Data Engineer Scientist,EX2 Outcoding,Remote,Full-time
855,Junior Data Scientist,SoundThinking,"Fremont, CA 94538 
(Downtown area)","$80,000 - $90,000 a year"
856,Data Scientist,NutaNXT Technologies,"Santa Clara, CA",
857,Data Scientist,BPGbio,"Framingham, MA 01701",
858,Sr. Data Scientist,1010data,"Remote in New York, NY","$130,000 - $145,000 a year"
859,Python Data Scientist,konnectingtree.Inc,Remote,"$110,000 - $115,000 a year"
860,Data Scientist,CPower,Remote,Full-time
861,Data Scientist,"Zartico, Inc.",Remote,"$110,000 a year"
862,Data Scientist (Remote),Mercy,"Remote in Chesterfield, MO 63017",
863,Data Scientist,Clayco,"Overland, MO 63114",Full-time
864,Data Scientist II - remote,Federal Services,"Remote in Detroit, MI",Full-time
865,"Data Scientist, Ford Next",Ford Motor Company,"Hybrid remote in Dearborn, MI 48124",Full-time
866,"Sr. Manager, Statistical Programming",Bristol Myers Squibb,New Jersey,
867,Data Scientist,The Chefs' Warehouse,Remote,Full-time
868,Data Scientist,Denver Health,"Denver, CO 80203 
(Lincoln Park area)","$69,900 - $104,900 a year"
869,Data Scientist,Zen Strategics LLC,Remote,Full-time
870,Data Scientist,NLB Technology Services,Remote,$55 - $65 an hour
871,Junior Data Scientist,SoundThinking,"Fremont, CA 94538 
(Downtown area)","$80,000 - $90,000 a year"
872,Data Scientist,NutaNXT Technologies,"Santa Clara, CA",
873,Data Scientist,BPGbio,"Framingham, MA 01701",
874,Sr. Data Scientist,1010data,"Remote in New York, NY","$130,000 - $145,000 a year"
875,Python Data Scientist,konnectingtree.Inc,Remote,"$110,000 - $115,000 a year"
876,Data Scientist,CPower,Remote,Full-time
877,Data Scientist,"Zartico, Inc.",Remote,"$110,000 a year"
878,Data Scientist (Remote),Mercy,"Remote in Chesterfield, MO 63017",
879,Data Scientist,Clayco,"Overland, MO 63114",Full-time
880,Data Scientist II - remote,Federal Services,"Remote in Detroit, MI",Full-time
881,"Data Scientist, Ford Next",Ford Motor Company,"Hybrid remote in Dearborn, MI 48124",Full-time
882,Data Scientist,Zen Strategics LLC,Remote,Full-time
883,Data Scientist,The Chefs' Warehouse,Remote,Full-time
884,Sr NLP Software Engineer,"QTC Management, Inc.","San Dimas, CA 91773","$109,000 - $133,000 a year"
885,Software Engineer Lead - AI/Analytics - Enterprise Data Management Team,PNC Financial Services Group,"Cleveland, OH 44135 
(Puritas-Longmead area)",
886,Data Scientist,Warrant Technologies,Remote,
887,Data Scientist,"Wurl, LLC",Remote,
888,Data Scientist - Motorsport,General Motors,"Concord, NC",Full-time
889,Data Scientist,NLB Technology Services,Remote,$55 - $65 an hour
890,Junior Data Scientist,SoundThinking,"Fremont, CA 94538 
(Downtown area)","$80,000 - $90,000 a year"
891,Data Scientist,NutaNXT Technologies,"Santa Clara, CA",
892,Data Scientist,BPGbio,"Framingham, MA 01701",
893,Sr. Data Scientist,1010data,"Remote in New York, NY","$130,000 - $145,000 a year"
894,Python Data Scientist,konnectingtree.Inc,Remote,"$110,000 - $115,000 a year"
895,Data Scientist,CPower,Remote,Full-time
896,Data Scientist,"Zartico, Inc.",Remote,"$110,000 a year"
897,Data Scientist (Remote),Mercy,"Remote in Chesterfield, MO 63017",
898,Data Scientist,Clayco,"Overland, MO 63114",Full-time
899,Manufacturing Life Science - IT Agile Project Manager - Data Science / Data Lake,NTT DATA,"Pittsburgh, PA 15289",
900,Data Scientist,"Wurl, LLC",Remote,
901,Data Scientist - Motorsport,General Motors,"Concord, NC",Full-time
902,Data Scientist,NLB Technology Services,Remote,$55 - $65 an hour
903,Junior Data Scientist,SoundThinking,"Fremont, CA 94538 
(Downtown area)","$80,000 - $90,000 a year"
904,Data Scientist,NutaNXT Technologies,"Santa Clara, CA",
905,Data Scientist,BPGbio,"Framingham, MA 01701",
906,Sr. Data Scientist,1010data,"Remote in New York, NY","$130,000 - $145,000 a year"
907,Python Data Scientist,konnectingtree.Inc,Remote,"$110,000 - $115,000 a year"
908,Data Scientist,CPower,Remote,Full-time
909,Data Scientist,"Zartico, Inc.",Remote,"$110,000 a year"
910,Computer Vision AI Software Developer,Robert Half,"Evanston, IL 60201",$51.46 - $59.59 an hour
911,Data Scientist (Remote),Mercy,"Remote in Chesterfield, MO 63017",
912,Data Scientist II - remote,Federal Services,"Remote in Detroit, MI",Full-time
913,"Data Scientist, Ford Next",Ford Motor Company,"Hybrid remote in Dearborn, MI 48124",Full-time
914,Data Scientist,Clayco,"Overland, MO 63114",Full-time
915,Data Scientist,Denver Health,"Denver, CO 80203 
(Lincoln Park area)","$69,900 - $104,900 a year"
916,Data Scientist,Fulcrum Analytics,Remote,"$100,000 - $130,000 a year"
917,Senior Data Scientist,Etsy,"Remote in Brooklyn, NY 11201","$130,000 - $164,000 a year"
918,Product Data Scientist,PayPal,"New York, NY","$72,700 - $176,000 a year"
919,Role: Data Scientist (retail domain),PSRTEK,Remote,"$80,934 - $175,943 a year"
920,"Director, Data Scientist - Biopharma",Pfizer,Remote,"$113,900 - $189,700 a year"
921,Data Scientist,"VMR Strategic Solutions, LLC","Remote in Bethesda, MD",Full-time
922,Data Scientist,Procter & Gamble,"Cincinnati, OH","Contract
+1"
923,Senior Data Scientist,Microsoft,"Redmond, WA 98052 
(Overlake area)","$112,000 - $218,400 a year"
924,Data Scientist,CDIT LLC,United States,
925,Statistical Programmer III/ Senior Programmer FSP (US/Canada),PHASTAR,Remote,Full-time
926,"Senior Data Scientist, Last Mile",Flexport,"Hybrid remote in Bellevue, WA",Full-time
927,"Director, Data Science",RUE GILT GROUPE,"Hybrid remote in New York, NY","$200,000 - $250,000 a year"
928,Data Scientist,Keystone Strategy,"Boston, MA","$97,000 - $198,000 a year"
929,Data Scientist,DigitCompass,"Washington, DC","$90,000 - $150,000 a year"
930,Data Scientist,Denver Health,"Denver, CO 80203 
(Lincoln Park area)","$69,900 - $104,900 a year"
931,Data Scientist,Fulcrum Analytics,Remote,"$100,000 - $130,000 a year"
932,Senior Data Scientist,Etsy,"Remote in Brooklyn, NY 11201","$130,000 - $164,000 a year"
933,Product Data Scientist,PayPal,"New York, NY","$72,700 - $176,000 a year"
934,Role: Data Scientist (retail domain),PSRTEK,Remote,"$80,934 - $175,943 a year"
935,"Director, Data Scientist - Biopharma",Pfizer,Remote,"$113,900 - $189,700 a year"
936,Data Scientist,"VMR Strategic Solutions, LLC","Remote in Bethesda, MD",Full-time
937,Data Scientist,Procter & Gamble,"Cincinnati, OH","Contract
+1"
938,Senior Data Scientist,Microsoft,"Redmond, WA 98052 
(Overlake area)","$112,000 - $218,400 a year"
939,Data Scientist,CDIT LLC,United States,
940,Senior Machine Learning Engineer,Capital One,"McLean, VA 22101",Full-time
941,"Senior Data Scientist, Last Mile",Flexport,"Hybrid remote in Bellevue, WA",Full-time
942,"Director, Data Science",RUE GILT GROUPE,"Hybrid remote in New York, NY","$200,000 - $250,000 a year"
943,Data Scientist,Keystone Strategy,"Boston, MA","$97,000 - $198,000 a year"
944,Data Scientist,DigitCompass,"Washington, DC","$90,000 - $150,000 a year"
945,Data Scientist,The Chefs' Warehouse,Remote,Full-time
946,Data Scientist,Denver Health,"Denver, CO 80203 
(Lincoln Park area)","$69,900 - $104,900 a year"
947,Data Scientist,Fulcrum Analytics,Remote,"$100,000 - $130,000 a year"
948,Senior Data Scientist,Etsy,"Remote in Brooklyn, NY 11201","$130,000 - $164,000 a year"
949,Product Data Scientist,PayPal,"New York, NY","$72,700 - $176,000 a year"
950,Role: Data Scientist (retail domain),PSRTEK,Remote,"$80,934 - $175,943 a year"
951,"Director, Data Scientist - Biopharma",Pfizer,Remote,"$113,900 - $189,700 a year"
952,Data Scientist,"VMR Strategic Solutions, LLC","Remote in Bethesda, MD",Full-time
953,Data Scientist,Procter & Gamble,"Cincinnati, OH","Contract
+1"
954,Senior Data Scientist,Microsoft,"Redmond, WA 98052 
(Overlake area)","$112,000 - $218,400 a year"
955,Data Scientist,CDIT LLC,United States,
956,Collections Strategy Analyst,Kelly,"Irving, TX 75063",Up to $42 an hour
957,Data Scientist,DigitCompass,"Washington, DC","$90,000 - $150,000 a year"
958,"Director, Data Science",RUE GILT GROUPE,"Hybrid remote in New York, NY","$200,000 - $250,000 a year"
959,"Senior Data Scientist, Last Mile",Flexport,"Hybrid remote in Bellevue, WA",Full-time
960,Product Data Scientist,PayPal,"New York, NY","$72,700 - $176,000 a year"
961,Role: Data Scientist (retail domain),PSRTEK,Remote,"$80,934 - $175,943 a year"
962,"Director, Data Scientist - Biopharma",Pfizer,Remote,"$113,900 - $189,700 a year"
963,Data Scientist,"VMR Strategic Solutions, LLC","Remote in Bethesda, MD",Full-time
964,Data Scientist,Procter & Gamble,"Cincinnati, OH","Contract
+1"
965,"Principal, AI/ML Engineer",Fidelity Investments,"Salt Lake City, UT 84111 
(Central City area)",Full-time
966,Senior Data Scientist,Microsoft,"Redmond, WA 98052 
(Overlake area)","$112,000 - $218,400 a year"
967,Data Scientist,CDIT LLC,United States,
968,AI Engineer,AAA Texas,"Hybrid remote in Coppell, TX 75019",Full-time
969,"Senior Data Scientist, Last Mile",Flexport,"Hybrid remote in Bellevue, WA",Full-time
970,Data Scientist,DigitCompass,"Washington, DC","$90,000 - $150,000 a year"
971,"Director, Data Science",RUE GILT GROUPE,"Hybrid remote in New York, NY","$200,000 - $250,000 a year"
972,Data Scientist,AppsIntegration.Inc,Remote,"$60,876 - $106,280 a year"
973,Data Scientist,Ivy Tech Solutions inc,Remote,"Contract
+1"
974,Data Scientist,Keystone Strategy,"Boston, MA","$97,000 - $198,000 a year"
