,company,salary_updated,environment,location_updated
0,"General Technical Services, LLC",,In-Person,"Adelphi, MD"
1,Clinical Management Consultants,85225 - 135355 ,In-Person,"Palo Alto, CA"
2,WALGREENS,,In-Person,"Deerfield, IL"
3,Net2Source,114400 - 120640,In-Person,"Los Angeles, CA"
4,Kforce,72800 - 93600,In-Person,"Juno Beach, FL"
5,Hire IT people,120640,In-Person,"Bentonville, AR"
6,Parafin,150000 - 175000 ,In-Person,"San Francisco, CA"
7,System One,110000 - 125000 ,In-Person,"Topeka, KS"
8,EarthOptics,99400 - 167000 ,Remote,"Arlington, VA"
9,Fabrx Space,154962 - 165538 ,Remote,Remote
10,Penn Foster Group,,Remote,Remote
11,OGC Global,,Remote,Remote
12,General Mills,91000 ,Remote,"Minneapolis, MN"
13,"The Travelers Companies, Inc.",113900 - 188000 ,In-Person,"Saint Paul, MN"
14,Hertz,68000 ,In-Person,"Estero, FL"
15,General Mills,91000 ,Remote,"Minneapolis, MN"
16,"The Travelers Companies, Inc.",113900 - 188000 ,In-Person,"Saint Paul, MN"
17,VivusTech,,In-Person,"Chantilly, VA"
18,FanDuel,,Hybrid,"Jersey City, NJ"
19,Bond Financial Technologies,,Remote,Remote
20,Caterpillar,75900 - 141456 ,In-Person,"Chicago, IL"
21,Bilin Technology,,In-Person,"Boston, MA"
22,Govini,,In-Person,"Pittsburgh, PA"
23,Triple-S Steel,,In-Person,"Houston, TX"
24,Konnectingtree,110000 - 113000 ,Remote,Remote
25,FAST GROWING TREES LLC,80000 - 120000 ,Remote,Remote
26,Koddi,,Remote,Remote
27,Vibronyx,,Remote,Remote
28,Bristol Myers Squibb,,In-Person,"Princeton, NJ"
29,Enable Data,,In-Person,"Minneapolis, MN"
30,General Mills,91000 ,Remote,"Minneapolis, MN"
31,"The Travelers Companies, Inc.",113900 - 188000 ,In-Person,"Saint Paul, MN"
32,VivusTech,,In-Person,"Chantilly, VA"
33,FanDuel,,Hybrid,"Jersey City, NJ"
34,Bond Financial Technologies,,Remote,Remote
35,Caterpillar,75900 - 141456 ,In-Person,"Chicago, IL"
36,Bilin Technology,,In-Person,"Boston, MA"
37,Govini,,In-Person,"Pittsburgh, PA"
38,Triple-S Steel,,In-Person,"Houston, TX"
39,Konnectingtree,110000 - 113000 ,Remote,Remote
40,FAST GROWING TREES LLC,80000 - 120000 ,Remote,Remote
41,Koddi,,Remote,Remote
42,PenFed Credit Union,,In-Person,"San Antonio, TX"
43,Vibronyx,,Remote,Remote
44,Enable Data,,In-Person,"Minneapolis, MN"
45,Fabrx Space,154962 - 165538 ,Remote,Remote
46,Penn Foster Group,,Remote,Remote
47,OGC Global,,Remote,Remote
48,General Mills,91000 ,Remote,"Minneapolis, MN"
49,Joule,139360 - 166400,In-Person,"Tarrytown, NY"
50,"The Travelers Companies, Inc.",113900 - 188000 ,In-Person,"Saint Paul, MN"
51,VivusTech,,In-Person,"Chantilly, VA"
52,FanDuel,,Hybrid,"Jersey City, NJ"
53,Bond Financial Technologies,,Remote,Remote
54,Caterpillar,75900 - 141456 ,In-Person,"Chicago, IL"
55,Bilin Technology,,In-Person,"Boston, MA"
56,PHASTAR,,Remote,Remote
57,Capital One,,Remote,"Chicago, IL"
58,Triple-S Steel,,In-Person,"Houston, TX"
59,Govini,,In-Person,"Pittsburgh, PA"
60,Caterpillar,75900 - 141456 ,In-Person,"Chicago, IL"
61,Bilin Technology,,In-Person,"Boston, MA"
62,Govini,,In-Person,"Pittsburgh, PA"
63,Triple-S Steel,,In-Person,"Houston, TX"
64,Konnectingtree,110000 - 113000 ,Remote,Remote
65,FAST GROWING TREES LLC,80000 - 120000 ,Remote,Remote
66,Koddi,,Remote,Remote
67,Enable Data,,In-Person,"Minneapolis, MN"
68,Vibronyx,,Remote,Remote
69,Inovalon,,Remote,Remote
70,Health Intelligence company LLC,,Remote,United States
71,Cartwheel,200000 ,Remote,Remote
72,Grid,,In-Person,"San Francisco, CA"
73,Capital One,,In-Person,"Richmond, VA"
74,Colsh Consultants,,In-Person,"Richfield, MN"
75,Penn Foster Group,,Remote,Remote
76,OGC Global,,Remote,Remote
77,General Mills,91000 ,Remote,"Minneapolis, MN"
78,"The Travelers Companies, Inc.",113900 - 188000 ,In-Person,"Saint Paul, MN"
79,VivusTech,,In-Person,"Chantilly, VA"
80,FanDuel,,Hybrid,"Jersey City, NJ"
81,Bond Financial Technologies,,Remote,Remote
82,Caterpillar,75900 - 141456 ,In-Person,"Chicago, IL"
83,Bilin Technology,,In-Person,"Boston, MA"
84,Govini,,In-Person,"Pittsburgh, PA"
85,Triple-S Steel,,In-Person,"Houston, TX"
86,Konnectingtree,110000 - 113000 ,Remote,Remote
87,Koddi,,Remote,Remote
88,Bristol Myers Squibb,,Hybrid,"Princeton, NJ"
89,FAST GROWING TREES LLC,80000 - 120000 ,Remote,Remote
90,FanDuel,,Hybrid,"Jersey City, NJ"
91,Bond Financial Technologies,,Remote,Remote
92,Caterpillar,75900 - 141456 ,In-Person,"Chicago, IL"
93,Bilin Technology,,In-Person,"Boston, MA"
94,Govini,,In-Person,"Pittsburgh, PA"
95,Triple-S Steel,,In-Person,"Houston, TX"
96,Konnectingtree,110000 - 113000 ,Remote,Remote
97,FAST GROWING TREES LLC,80000 - 120000 ,Remote,Remote
98,Koddi,,Remote,Remote
99,Enable Data,,In-Person,"Minneapolis, MN"
100,Vibronyx,,Remote,Remote
101,Inovalon,,Remote,Remote
102,Capital One - Campus,,In-Person,"New York, NY"
103,Cartwheel,200000 ,Remote,Remote
104,Health Intelligence company LLC,,Remote,United States
105,OGC Global,,Remote,Remote
106,General Mills,91000 ,Remote,"Minneapolis, MN"
107,"The Travelers Companies, Inc.",113900 - 188000 ,In-Person,"Saint Paul, MN"
108,VivusTech,,In-Person,"Chantilly, VA"
109,FanDuel,,Hybrid,"Jersey City, NJ"
110,Bond Financial Technologies,,Remote,Remote
111,Caterpillar,75900 - 141456 ,In-Person,"Chicago, IL"
112,Bilin Technology,,In-Person,"Boston, MA"
113,Govini,,In-Person,"Pittsburgh, PA"
114,Triple-S Steel,,In-Person,"Houston, TX"
115,Konnectingtree,110000 - 113000 ,Remote,Remote
116,FAST GROWING TREES LLC,80000 - 120000 ,Remote,Remote
117,Enable Data,,In-Person,"Minneapolis, MN"
118,Penfield Search Partners,,Hybrid,"Florham Park, NJ"
119,Koddi,,Remote,Remote
120,General Mills,91000 ,Remote,"Minneapolis, MN"
121,"The Travelers Companies, Inc.",113900 - 188000 ,In-Person,"Saint Paul, MN"
122,VivusTech,,In-Person,"Chantilly, VA"
123,FanDuel,,Hybrid,"Jersey City, NJ"
124,Bond Financial Technologies,,Remote,Remote
125,Caterpillar,75900 - 141456 ,In-Person,"Chicago, IL"
126,Bilin Technology,,In-Person,"Boston, MA"
127,Rush University Medical Center,,In-Person,"Chicago, IL"
128,Govini,,In-Person,"Pittsburgh, PA"
129,Triple-S Steel,,In-Person,"Houston, TX"
130,Konnectingtree,110000 - 113000 ,Remote,Remote
131,FAST GROWING TREES LLC,80000 - 120000 ,Remote,Remote
132,Enable Data,,In-Person,"Minneapolis, MN"
133,Vanguard,,In-Person,"Malvern, PA"
134,Koddi,,Remote,Remote
135,OGC Global,,Remote,Remote
136,General Mills,91000 ,Remote,"Minneapolis, MN"
137,VivusTech,,In-Person,"Chantilly, VA"
138,FanDuel,,Hybrid,"Jersey City, NJ"
139,Bond Financial Technologies,,Remote,Remote
140,Caterpillar,75900 - 141456 ,In-Person,"Chicago, IL"
141,Bilin Technology,,In-Person,"Boston, MA"
142,Govini,,In-Person,"Pittsburgh, PA"
143,Triple-S Steel,,In-Person,"Houston, TX"
144,Konnectingtree,110000 - 113000 ,Remote,Remote
145,FAST GROWING TREES LLC,80000 - 120000 ,Remote,Remote
146,Koddi,,Remote,Remote
147,Vibronyx,,Remote,Remote
148,"CGI Group, Inc.",,Hybrid,"Hartford, CT"
149,Enable Data,,In-Person,"Minneapolis, MN"
150,WALGREENS,,In-Person,"Deerfield, IL"
151,EarthOptics,99400 - 167000 ,Remote,"Arlington, VA"
152,Fabrx Space,154962 - 165538 ,Remote,Remote
153,Penn Foster Group,,Remote,Remote
154,OGC Global,,Remote,Remote
155,General Mills,91000 ,Remote,"Minneapolis, MN"
156,"The Travelers Companies, Inc.",113900 - 188000 ,In-Person,"Saint Paul, MN"
157,VivusTech,,In-Person,"Chantilly, VA"
158,FanDuel,,Hybrid,"Jersey City, NJ"
159,Bond Financial Technologies,,Remote,Remote
160,Caterpillar,75900 - 141456 ,In-Person,"Chicago, IL"
161,Bilin Technology,,In-Person,"Boston, MA"
162,Capital One,,Remote,"San Francisco, CA"
163,Triple-S Steel,,In-Person,"Houston, TX"
164,Govini,,In-Person,"Pittsburgh, PA"
165,Colsh Consultants,,In-Person,"Richfield, MN"
166,Grid,,In-Person,"San Francisco, CA"
167,Galaxy Technologies,83000 - 96000 ,Remote,"New York, NY"
168,Trella Health,,Remote,Remote
169,Siddhi Solutions,135200 - 145600,Remote,Remote
170,Neo Technologies LLC,145600 - 166400,Hybrid,"Allentown, PA"
171,Conde Nast,150000 - 200000 ,In-Person,"New York, NY"
172,Ancestry,68000 - 191000 ,Remote,Remote
173,Henry Ford Health,,In-Person,"Southfield, MI"
174,Swayable,,Remote,"New York, NY"
175,Virtue Analytics,,In-Person,"Woodbury, MN"
176,Kontakt.io,,Hybrid,"New York, NY"
177,NICE,,In-Person,"Atlanta, GA"
178,Capital One,,Remote,"Plano, TX"
179,Mashvisor Inc.,,Remote,Remote
180,Vibronyx,,Remote,Remote
181,Inovalon,,Remote,Remote
182,Health Intelligence company LLC,,Remote,United States
183,Cartwheel,200000 ,Remote,Remote
184,Colsh Consultants,,In-Person,"Richfield, MN"
185,Grid,,In-Person,"San Francisco, CA"
186,Galaxy Technologies,83000 - 96000 ,Remote,"New York, NY"
187,Trella Health,,Remote,Remote
188,Siddhi Solutions,135200 - 145600,Remote,Remote
189,Neo Technologies LLC,145600 - 166400,Hybrid,"Allentown, PA"
190,Conde Nast,150000 - 200000 ,In-Person,"New York, NY"
191,Ancestry,68000 - 191000 ,Remote,Remote
192,Takeda Pharmaceutical,,Remote,"Lexington, MA"
193,Swayable,,Remote,"New York, NY"
194,Henry Ford Health,,In-Person,"Southfield, MI"
195,Enable Data,,In-Person,"Minneapolis, MN"
196,Vibronyx,,Remote,Remote
197,Inovalon,,Remote,Remote
198,Health Intelligence company LLC,,Remote,United States
199,Cartwheel,200000 ,Remote,Remote
200,Colsh Consultants,,In-Person,"Richfield, MN"
201,Grid,,In-Person,"San Francisco, CA"
202,Galaxy Technologies,83000 - 96000 ,Remote,"New York, NY"
203,Trella Health,,Remote,Remote
204,Siddhi Solutions,135200 - 145600,Remote,Remote
205,Neo Technologies LLC,145600 - 166400,Hybrid,"Allentown, PA"
206,Conde Nast,150000 - 200000 ,In-Person,"New York, NY"
207,Henry Ford Health,,In-Person,"Southfield, MI"
208,"Yoh, A Day & Zimmermann Company",114400 - 176800,Remote,"San Jose, CA"
209,Ancestry,68000 - 191000 ,Remote,Remote
210,Enable Data,,In-Person,"Minneapolis, MN"
211,Vibronyx,,Remote,Remote
212,Inovalon,,Remote,Remote
213,Health Intelligence company LLC,,Remote,United States
214,Cartwheel,200000 ,Remote,Remote
215,Colsh Consultants,,In-Person,"Richfield, MN"
216,Grid,,In-Person,"San Francisco, CA"
217,Galaxy Technologies,83000 - 96000 ,Remote,"New York, NY"
218,Trella Health,,Remote,Remote
219,Siddhi Solutions,135200 - 145600,Remote,Remote
220,Neo Technologies LLC,145600 - 166400,Hybrid,"Allentown, PA"
221,Conde Nast,150000 - 200000 ,In-Person,"New York, NY"
222,Henry Ford Health,,In-Person,"Southfield, MI"
223,Takeda Pharmaceutical,130500 - 186000 ,Hybrid,"Boston, MA"
224,Ancestry,68000 - 191000 ,Remote,Remote
225,FAST GROWING TREES LLC,80000 - 120000 ,Remote,Remote
226,Koddi,,Remote,Remote
227,Enable Data,,In-Person,"Minneapolis, MN"
228,Vibronyx,,Remote,Remote
229,Inovalon,,Remote,Remote
230,Health Intelligence company LLC,,Remote,United States
231,Cartwheel,200000 ,Remote,Remote
232,Colsh Consultants,,In-Person,"Richfield, MN"
233,Grid,,In-Person,"San Francisco, CA"
234,Galaxy Technologies,83000 - 96000 ,Remote,"New York, NY"
235,Trella Health,,Remote,Remote
236,Siddhi Solutions,135200 - 145600,Remote,Remote
237,Conde Nast,150000 - 200000 ,In-Person,"New York, NY"
238,Hajoca Corporation,90000 - 100000 ,In-Person,"Lafayette Hill, PA"
239,Neo Technologies LLC,145600 - 166400,Hybrid,"Allentown, PA"
240,"Vizient, Inc.",102400 - 152200 ,In-Person,"Irving, TX"
241,Koddi,,Remote,Remote
242,Enable Data,,In-Person,"Minneapolis, MN"
243,Vibronyx,,Remote,Remote
244,Inovalon,,Remote,Remote
245,Health Intelligence company LLC,,Remote,United States
246,Cartwheel,200000 ,Remote,Remote
247,Colsh Consultants,,In-Person,"Richfield, MN"
248,Grid,,In-Person,"San Francisco, CA"
249,Galaxy Technologies,83000 - 96000 ,Remote,"New York, NY"
250,Trella Health,,Remote,Remote
251,Siddhi Solutions,135200 - 145600,Remote,Remote
252,Citi,93200 - 139800 ,In-Person,"Elk Grove Village, IL"
253,Conde Nast,150000 - 200000 ,In-Person,"New York, NY"
254,Neo Technologies LLC,145600 - 166400,Hybrid,"Allentown, PA"
255,Enable Data,,In-Person,"Minneapolis, MN"
256,Vibronyx,,Remote,Remote
257,Inovalon,,Remote,Remote
258,Health Intelligence company LLC,,Remote,United States
259,Cartwheel,200000 ,Remote,Remote
260,Colsh Consultants,,In-Person,"Richfield, MN"
261,Grid,,In-Person,"San Francisco, CA"
262,Galaxy Technologies,83000 - 96000 ,Remote,"New York, NY"
263,Trella Health,,Remote,Remote
264,Siddhi Solutions,135200 - 145600,Remote,Remote
265,Neo Technologies LLC,145600 - 166400,Hybrid,"Allentown, PA"
266,Conde Nast,150000 - 200000 ,In-Person,"New York, NY"
267,Henry Ford Health,,In-Person,"Southfield, MI"
268,Capital One,,Remote,"Wilmington, DE"
269,Ancestry,68000 - 191000 ,Remote,Remote
270,Enable Data,,In-Person,"Minneapolis, MN"
271,Vibronyx,,Remote,Remote
272,Inovalon,,Remote,Remote
273,Health Intelligence company LLC,,Remote,United States
274,Cartwheel,200000 ,Remote,Remote
275,Colsh Consultants,,In-Person,"Richfield, MN"
276,Grid,,In-Person,"San Francisco, CA"
277,Galaxy Technologies,83000 - 96000 ,Remote,"New York, NY"
278,Trella Health,,Remote,Remote
279,Siddhi Solutions,135200 - 145600,Remote,Remote
280,Neo Technologies LLC,145600 - 166400,Hybrid,"Allentown, PA"
281,Conde Nast,150000 - 200000 ,In-Person,"New York, NY"
282,Henry Ford Health,,In-Person,"Southfield, MI"
283,Experis,,In-Person,"Richmond, VA"
284,Ancestry,68000 - 191000 ,Remote,Remote
285,Enable Data,,In-Person,"Minneapolis, MN"
286,Vibronyx,,Remote,Remote
287,Inovalon,,Remote,Remote
288,Health Intelligence company LLC,,Remote,United States
289,Cartwheel,200000 ,Remote,Remote
290,Colsh Consultants,,In-Person,"Richfield, MN"
291,Grid,,In-Person,"San Francisco, CA"
292,Galaxy Technologies,83000 - 96000 ,Remote,"New York, NY"
293,Trella Health,,Remote,Remote
294,Siddhi Solutions,135200 - 145600,Remote,Remote
295,Neo Technologies LLC,145600 - 166400,Hybrid,"Allentown, PA"
296,Conde Nast,150000 - 200000 ,In-Person,"New York, NY"
297,Henry Ford Health,,In-Person,"Southfield, MI"
298,PenFed Credit Union,,In-Person,"San Antonio, TX"
299,Ancestry,68000 - 191000 ,Remote,Remote
300,Enable Data,,In-Person,"Minneapolis, MN"
301,Vibronyx,,Remote,Remote
302,Inovalon,,Remote,Remote
303,Health Intelligence company LLC,,Remote,United States
304,Cartwheel,200000 ,Remote,Remote
305,Colsh Consultants,,In-Person,"Richfield, MN"
306,Grid,,In-Person,"San Francisco, CA"
307,Galaxy Technologies,83000 - 96000 ,Remote,"New York, NY"
308,Trella Health,,Remote,Remote
309,Siddhi Solutions,135200 - 145600,Remote,Remote
310,Liberty Personnel Services,115000 ,In-Person,"Philadelphia, PA"
311,Neo Technologies LLC,145600 - 166400,Hybrid,"Allentown, PA"
312,Vanguard,,In-Person,"Charlotte, NC"
313,Confidential,,Hybrid,"Redmond, WA"
314,Conde Nast,150000 - 200000 ,In-Person,"New York, NY"
315,NICE,,In-Person,"Atlanta, GA"
316,lucid technologies,107458 - 154924 ,In-Person,"Raleigh, NC"
317,Kansara systems,83200 - 93600,Remote,Remote
318,Electra Vehicles,,Remote,Remote
319,Cargill,,Remote,"Wayzata, MN"
320,Swish Analytics,103000 - 135000 ,Remote,Remote
321,Pri Global Inc,166400 - 187200,Remote,Remote
322,Curology,140000 - 180000 ,Remote,Remote
323,withco,180000 - 200000 ,In-Person,"New York, NY"
324,PROLIM Corporation,156000 - 166400,Remote,Remote
325,Context Labs,,In-Person,"Cambridge, MA"
326,Assetario,,Remote,Remote
327,FLEETCOR,,Remote,"Atlanta, GA"
328,VitalCORE,,Remote,Remote
329,CNA Insurance,,In-Person,"Chicago, IL"
330,Swayable,,Remote,"New York, NY"
331,Virtue Analytics,,In-Person,"Woodbury, MN"
332,Kontakt.io,,Hybrid,"New York, NY"
333,Mashvisor Inc.,,Remote,Remote
334,NICE,,In-Person,"Atlanta, GA"
335,NJM Insurance,89000 - 113000 ,Hybrid,"Trenton, NJ"
336,lucid technologies,107458 - 154924 ,In-Person,"Raleigh, NC"
337,Kansara systems,83200 - 93600,Remote,Remote
338,Electra Vehicles,,Remote,Remote
339,Cargill,,Remote,"Wayzata, MN"
340,Swish Analytics,103000 - 135000 ,Remote,Remote
341,Pri Global Inc,166400 - 187200,Remote,Remote
342,Peraton,112000 - 179000 ,In-Person,"Chantilly, VA"
343,withco,180000 - 200000 ,In-Person,"New York, NY"
344,Curology,140000 - 180000 ,Remote,Remote
345,Henry Ford Health,,In-Person,"Southfield, MI"
346,Swayable,,Remote,"New York, NY"
347,Virtue Analytics,,In-Person,"Woodbury, MN"
348,Kontakt.io,,Hybrid,"New York, NY"
349,Mashvisor Inc.,,Remote,Remote
350,NICE,,In-Person,"Atlanta, GA"
351,lucid technologies,107458 - 154924 ,In-Person,"Raleigh, NC"
352,Kansara systems,83200 - 93600,Remote,Remote
353,Electra Vehicles,,Remote,Remote
354,Cargill,,Remote,"Wayzata, MN"
355,Swish Analytics,103000 - 135000 ,Remote,Remote
356,Pri Global Inc,166400 - 187200,Remote,Remote
357,"CGI Group, Inc.",,In-Person,"Nashville, TN"
358,withco,180000 - 200000 ,In-Person,"New York, NY"
359,Curology,140000 - 180000 ,Remote,Remote
360,Henry Ford Health,,In-Person,"Southfield, MI"
361,Swayable,,Remote,"New York, NY"
362,Virtue Analytics,,In-Person,"Woodbury, MN"
363,Kontakt.io,,Hybrid,"New York, NY"
364,Mashvisor Inc.,,Remote,Remote
365,NICE,,In-Person,"Atlanta, GA"
366,lucid technologies,107458 - 154924 ,In-Person,"Raleigh, NC"
367,Kansara systems,83200 - 93600,Remote,Remote
368,Electra Vehicles,,Remote,Remote
369,Cargill,,Remote,"Wayzata, MN"
370,Swish Analytics,103000 - 135000 ,Remote,Remote
371,Pri Global Inc,166400 - 187200,Remote,Remote
372,withco,180000 - 200000 ,In-Person,"New York, NY"
373,Bristol Myers Squibb,,Hybrid,"Princeton, NJ"
374,Curology,140000 - 180000 ,Remote,Remote
375,Swayable,,Remote,"New York, NY"
376,Virtue Analytics,,In-Person,"Woodbury, MN"
377,Kontakt.io,,Hybrid,"New York, NY"
378,Mashvisor Inc.,,Remote,Remote
379,NICE,,In-Person,"Atlanta, GA"
380,lucid technologies,107458 - 154924 ,In-Person,"Raleigh, NC"
381,Kansara systems,83200 - 93600,Remote,Remote
382,Electra Vehicles,,Remote,Remote
383,Cargill,,Remote,"Wayzata, MN"
384,Swish Analytics,103000 - 135000 ,Remote,Remote
385,Pri Global Inc,166400 - 187200,Remote,Remote
386,Curology,140000 - 180000 ,Remote,Remote
387,PROLIM Corporation,156000 - 166400,Remote,Remote
388,Bristol Myers Squibb,,Hybrid,"Princeton, NJ"
389,withco,180000 - 200000 ,In-Person,"New York, NY"
390,Swayable,,Remote,"New York, NY"
391,Virtue Analytics,,In-Person,"Woodbury, MN"
392,Kontakt.io,,Hybrid,"New York, NY"
393,Mashvisor Inc.,,Remote,Remote
394,NICE,,In-Person,"Atlanta, GA"
395,lucid technologies,107458 - 154924 ,In-Person,"Raleigh, NC"
396,Kansara systems,83200 - 93600,Remote,Remote
397,Electra Vehicles,,Remote,Remote
398,Cargill,,Remote,"Wayzata, MN"
399,Swish Analytics,103000 - 135000 ,Remote,Remote
400,Pri Global Inc,166400 - 187200,Remote,Remote
401,Curology,140000 - 180000 ,Remote,Remote
402,Hospital for Special Surgery,,Hybrid,"New York, NY"
403,PROLIM Corporation,156000 - 166400,Remote,Remote
404,withco,180000 - 200000 ,In-Person,"New York, NY"
405,Henry Ford Health,,In-Person,"Southfield, MI"
406,Swayable,,Remote,"New York, NY"
407,Virtue Analytics,,In-Person,"Woodbury, MN"
408,Kontakt.io,,Hybrid,"New York, NY"
409,Mashvisor Inc.,,Remote,Remote
410,NICE,,In-Person,"Atlanta, GA"
411,lucid technologies,107458 - 154924 ,In-Person,"Raleigh, NC"
412,Kansara systems,83200 - 93600,Remote,Remote
413,Electra Vehicles,,Remote,Remote
414,Cargill,,Remote,"Wayzata, MN"
415,Swish Analytics,103000 - 135000 ,Remote,Remote
416,Pri Global Inc,166400 - 187200,Remote,Remote
417,Liberty Personnel Services,85000 ,Hybrid,"Cherry Hill, NJ"
418,withco,180000 - 200000 ,In-Person,"New York, NY"
419,Curology,140000 - 180000 ,Remote,Remote
420,Caterpillar,,Hybrid,"Chicago, IL"
421,Measures for Justice,101116 ,Hybrid,"Rochester, NY"
422,Virtue Analytics,,In-Person,"Woodbury, MN"
423,REVOLVE,90000 - 120000 ,In-Person,"Cerritos, CA"
424,Appen,41600 - 135200,Remote,Remote
425,TikTok,158000 - 295000 ,In-Person,"Seattle, WA"
426,University of Minnesota,,In-Person,"Minneapolis, MN"
427,Dropbox,,Remote,Remote
428,"Aurora Technical Systems, LLC",83200 - 104000,Remote,Remote
429,The College Board,,Remote,Remote
430,Oracle,,In-Person,United States
431,Chegg,,Remote,Remote
432,Frontier Communications,,Remote,Remote
433,Peraton,112000 - 179000 ,In-Person,"Huntsville, AL"
434,Sephora,153088 - 169000 ,Remote,"San Francisco, CA"
435,Virtue Analytics,,In-Person,"Woodbury, MN"
436,Kontakt.io,,Hybrid,"New York, NY"
437,Mashvisor Inc.,,Remote,Remote
438,NICE,,In-Person,"Atlanta, GA"
439,lucid technologies,107458 - 154924 ,In-Person,"Raleigh, NC"
440,Kansara systems,83200 - 93600,Remote,Remote
441,Electra Vehicles,,Remote,Remote
442,Cargill,,Remote,"Wayzata, MN"
443,Swish Analytics,103000 - 135000 ,Remote,Remote
444,Pri Global Inc,166400 - 187200,Remote,Remote
445,Curology,140000 - 180000 ,Remote,Remote
446,withco,180000 - 200000 ,In-Person,"New York, NY"
447,Raytheon,,In-Person,"Huntsville, AL"
448,Context Labs,,In-Person,"Cambridge, MA"
449,PROLIM Corporation,156000 - 166400,Remote,Remote
450,Swayable,,Remote,"New York, NY"
451,Virtue Analytics,,In-Person,"Woodbury, MN"
452,Kontakt.io,,Hybrid,"New York, NY"
453,Mashvisor Inc.,,Remote,Remote
454,NICE,,In-Person,"Atlanta, GA"
455,lucid technologies,107458 - 154924 ,In-Person,"Raleigh, NC"
456,Kansara systems,83200 - 93600,Remote,Remote
457,Electra Vehicles,,Remote,Remote
458,Cargill,,Remote,"Wayzata, MN"
459,Swish Analytics,103000 - 135000 ,Remote,Remote
460,Pri Global Inc,166400 - 187200,Remote,Remote
461,Curology,140000 - 180000 ,Remote,Remote
462,PROLIM Corporation,156000 - 166400,Remote,Remote
463,Penfield Search Partners,,Remote,Remote
464,withco,180000 - 200000 ,In-Person,"New York, NY"
465,VitalCORE,,Remote,Remote
466,Aries Solutions,166400 - 187200,Hybrid,"Charlotte, NC"
467,AmeriTEK Global,,In-Person,"Piscataway, NJ"
468,Green Dot Corporation,78800 - 120200 ,Remote,Remote
469,Management Science Solutions,104082 - 210832 ,In-Person,"Chantilly, VA"
470,Blizzard Entertainment,71300 - 131906 ,Hybrid,"Irvine, CA"
471,SoundThinking,80000 - 90000 ,In-Person,"Fremont, CA"
472,Denver Health,69900 - 104900 ,In-Person,"Denver, CO"
473,Marlabs Innovations Private Limited,,In-Person,United States
474,Hertz,78000 ,In-Person,"Estero, FL"
475,Cognize tech solutions,65000 - 80000 ,Remote,Remote
476,Pinterest,,Remote,Remote
477,NutaNXT Technologies,,In-Person,"Santa Clara, CA"
478,konnectingtree.Inc,110000 - 115000 ,Remote,Remote
479,REVOLVE,90000 - 120000 ,In-Person,"Cerritos, CA"
480,PHASTAR,,Remote,Remote
481,Context Labs,,In-Person,"Cambridge, MA"
482,Assetario,,Remote,Remote
483,VitalCORE,,Remote,Remote
484,Aries Solutions,166400 - 187200,Hybrid,"Charlotte, NC"
485,AmeriTEK Global,,In-Person,"Piscataway, NJ"
486,Green Dot Corporation,78800 - 120200 ,Remote,Remote
487,Management Science Solutions,104082 - 210832 ,In-Person,"Chantilly, VA"
488,Booz Allen Hamilton,73100 - 166000 ,Hybrid,"Washington, DC"
489,Blizzard Entertainment,71300 - 131906 ,Hybrid,"Irvine, CA"
490,SoundThinking,80000 - 90000 ,In-Person,"Fremont, CA"
491,Citi,170880 - 256320 ,In-Person,"Rutherford, NJ"
492,Marlabs Innovations Private Limited,,In-Person,United States
493,Cognize tech solutions,65000 - 80000 ,Remote,Remote
494,Denver Health,69900 - 104900 ,In-Person,"Denver, CO"
495,Aries Solutions,166400 - 187200,Hybrid,"Charlotte, NC"
496,AmeriTEK Global,,In-Person,"Piscataway, NJ"
497,Green Dot Corporation,78800 - 120200 ,Remote,Remote
498,Management Science Solutions,104082 - 210832 ,In-Person,"Chantilly, VA"
499,Booz Allen Hamilton,73100 - 166000 ,Hybrid,"Washington, DC"
500,Blizzard Entertainment,71300 - 131906 ,Hybrid,"Irvine, CA"
501,SoundThinking,80000 - 90000 ,In-Person,"Fremont, CA"
502,Denver Health,69900 - 104900 ,In-Person,"Denver, CO"
503,Marlabs Innovations Private Limited,,In-Person,United States
504,Cognize tech solutions,65000 - 80000 ,Remote,Remote
505,Pinterest,,Remote,Remote
506,REVOLVE,90000 - 120000 ,In-Person,"Cerritos, CA"
507,Penfield Search Partners,,Hybrid,"Florham Park, NJ"
508,konnectingtree.Inc,110000 - 115000 ,Remote,Remote
509,NutaNXT Technologies,,In-Person,"Santa Clara, CA"
510,Peraton,112000 - 179000 ,In-Person,"Huntsville, AL"
511,Context Labs,,In-Person,"Cambridge, MA"
512,Assetario,,Remote,Remote
513,FLEETCOR,,Remote,"Atlanta, GA"
514,VitalCORE,,Remote,Remote
515,Aries Solutions,166400 - 187200,Hybrid,"Charlotte, NC"
516,AmeriTEK Global,,In-Person,"Piscataway, NJ"
517,Green Dot Corporation,78800 - 120200 ,Remote,Remote
518,Management Science Solutions,104082 - 210832 ,In-Person,"Chantilly, VA"
519,Booz Allen Hamilton,73100 - 166000 ,Hybrid,"Washington, DC"
520,Blizzard Entertainment,71300 - 131906 ,Hybrid,"Irvine, CA"
521,SoundThinking,80000 - 90000 ,In-Person,"Fremont, CA"
522,Denver Health,69900 - 104900 ,In-Person,"Denver, CO"
523,Marlabs Innovations Private Limited,,In-Person,United States
524,Rush University Medical Center,,In-Person,"Chicago, IL"
525,VitalCORE,,Remote,Remote
526,Aries Solutions,166400 - 187200,Hybrid,"Charlotte, NC"
527,AmeriTEK Global,,In-Person,"Piscataway, NJ"
528,Green Dot Corporation,78800 - 120200 ,Remote,Remote
529,Management Science Solutions,104082 - 210832 ,In-Person,"Chantilly, VA"
530,Booz Allen Hamilton,73100 - 166000 ,Hybrid,"Washington, DC"
531,Blizzard Entertainment,71300 - 131906 ,Hybrid,"Irvine, CA"
532,SoundThinking,80000 - 90000 ,In-Person,"Fremont, CA"
533,Denver Health,69900 - 104900 ,In-Person,"Denver, CO"
534,Marlabs Innovations Private Limited,,In-Person,United States
535,Capital One,,Hybrid,"New York, NY"
536,Cognize tech solutions,65000 - 80000 ,Remote,Remote
537,REVOLVE,90000 - 120000 ,In-Person,"Cerritos, CA"
538,NutaNXT Technologies,,In-Person,"Santa Clara, CA"
539,Pinterest,,Remote,Remote
540,AmeriTEK Global,,In-Person,"Piscataway, NJ"
541,Green Dot Corporation,78800 - 120200 ,Remote,Remote
542,Management Science Solutions,104082 - 210832 ,In-Person,"Chantilly, VA"
543,Blizzard Entertainment,71300 - 131906 ,Hybrid,"Irvine, CA"
544,SoundThinking,80000 - 90000 ,In-Person,"Fremont, CA"
545,Denver Health,69900 - 104900 ,In-Person,"Denver, CO"
546,Marlabs Innovations Private Limited,,In-Person,United States
547,Cognize tech solutions,65000 - 80000 ,Remote,Remote
548,Pinterest,,Remote,Remote
549,REVOLVE,90000 - 120000 ,In-Person,"Cerritos, CA"
550,NutaNXT Technologies,,In-Person,"Santa Clara, CA"
551,konnectingtree.Inc,110000 - 115000 ,Remote,Remote
552,Avenue Code,110000 - 200000 ,Remote,United States
553,PenFed Credit Union,,In-Person,"San Antonio, TX"
554,Agile Tech Labs,135200 - 156000,In-Person,"Atlanta, GA"
555,Context Labs,,In-Person,"Cambridge, MA"
556,Assetario,,Remote,Remote
557,FLEETCOR,,Remote,"Atlanta, GA"
558,VitalCORE,,Remote,Remote
559,Aries Solutions,166400 - 187200,Hybrid,"Charlotte, NC"
560,AmeriTEK Global,,In-Person,"Piscataway, NJ"
561,Green Dot Corporation,78800 - 120200 ,Remote,Remote
562,Management Science Solutions,104082 - 210832 ,In-Person,"Chantilly, VA"
563,Blizzard Entertainment,71300 - 131906 ,Hybrid,"Irvine, CA"
564,SoundThinking,80000 - 90000 ,In-Person,"Fremont, CA"
565,"Yoh, A Day & Zimmermann Company",,In-Person,"Parsippany, NJ"
566,Denver Health,69900 - 104900 ,In-Person,"Denver, CO"
567,Cognize tech solutions,65000 - 80000 ,Remote,Remote
568,Pinterest,,Remote,Remote
569,Marlabs Innovations Private Limited,,In-Person,United States
570,Context Labs,,In-Person,"Cambridge, MA"
571,Assetario,,Remote,Remote
572,VitalCORE,,Remote,Remote
573,Aries Solutions,166400 - 187200,Hybrid,"Charlotte, NC"
574,AmeriTEK Global,,In-Person,"Piscataway, NJ"
575,Green Dot Corporation,78800 - 120200 ,Remote,Remote
576,Management Science Solutions,104082 - 210832 ,In-Person,"Chantilly, VA"
577,Booz Allen Hamilton,73100 - 166000 ,Hybrid,"Washington, DC"
578,Blizzard Entertainment,71300 - 131906 ,Hybrid,"Irvine, CA"
579,SoundThinking,80000 - 90000 ,In-Person,"Fremont, CA"
580,Daley and Associates,130000 ,In-Person,"Boston, MA"
581,Denver Health,69900 - 104900 ,In-Person,"Denver, CO"
582,Cognize tech solutions,65000 - 80000 ,Remote,Remote
583,Pinterest,,Remote,Remote
584,Marlabs Innovations Private Limited,,In-Person,United States
585,Context Labs,,In-Person,"Cambridge, MA"
586,Assetario,,Remote,Remote
587,FLEETCOR,,Remote,"Atlanta, GA"
588,VitalCORE,,Remote,Remote
589,Aries Solutions,166400 - 187200,Hybrid,"Charlotte, NC"
590,AmeriTEK Global,,In-Person,"Piscataway, NJ"
591,Green Dot Corporation,78800 - 120200 ,Remote,Remote
592,Management Science Solutions,104082 - 210832 ,In-Person,"Chantilly, VA"
593,Blizzard Entertainment,71300 - 131906 ,Hybrid,"Irvine, CA"
594,SoundThinking,80000 - 90000 ,In-Person,"Fremont, CA"
595,Penfield Search Partners,,Remote,Remote
596,Denver Health,69900 - 104900 ,In-Person,"Denver, CO"
597,Cognize tech solutions,65000 - 80000 ,Remote,Remote
598,Pinterest,,Remote,Remote
599,Marlabs Innovations Private Limited,,In-Person,United States
600,Assetario,,Remote,Remote
601,FLEETCOR,,Remote,"Atlanta, GA"
602,VitalCORE,,Remote,Remote
603,Aries Solutions,166400 - 187200,Hybrid,"Charlotte, NC"
604,AmeriTEK Global,,In-Person,"Piscataway, NJ"
605,Green Dot Corporation,78800 - 120200 ,Remote,Remote
606,Management Science Solutions,104082 - 210832 ,In-Person,"Chantilly, VA"
607,Blizzard Entertainment,71300 - 131906 ,Hybrid,"Irvine, CA"
608,SoundThinking,80000 - 90000 ,In-Person,"Fremont, CA"
609,Denver Health,69900 - 104900 ,In-Person,"Denver, CO"
610,Marlabs Innovations Private Limited,,In-Person,United States
611,Firma Clinical Research,,Remote,Remote
612,Pinterest,,Remote,Remote
613,REVOLVE,90000 - 120000 ,In-Person,"Cerritos, CA"
614,Cognize tech solutions,65000 - 80000 ,Remote,Remote
615,BPGbio,,In-Person,"Framingham, MA"
616,Oracle,,In-Person,United States
617,TIAA,71000 - 73000 ,In-Person,"Charlotte, NC"
618,Keystone Strategy,97000 - 198000 ,In-Person,"Boston, MA"
619,Optimal Inc.,,In-Person,"Dearborn, MI"
620,Clayco,,In-Person,"Overland, MO"
621,National Security Agency,77745 - 183500 ,In-Person,"Fort Meade, MD"
622,"Stillwater Human Capital, LLC.",,In-Person,"McLean, VA"
623,DigitCompass,90000 - 150000 ,In-Person,"Washington, DC"
624,TIFIN,,In-Person,"Boulder, CO"
625,Ivy Tech Solutions inc,,Remote,Remote
626,NLB Technology Services,114400 - 135200,Remote,Remote
627,Synectics for Management Decisions Inc,,In-Person,"Arlington, VA"
628,CPower,,Remote,Remote
629,EPM Scientific,,Remote,Remote
630,BPGbio,,In-Person,"Framingham, MA"
631,Oracle,,In-Person,United States
632,TIAA,71000 - 73000 ,In-Person,"Charlotte, NC"
633,Keystone Strategy,97000 - 198000 ,In-Person,"Boston, MA"
634,Optimal Inc.,,In-Person,"Dearborn, MI"
635,Clayco,,In-Person,"Overland, MO"
636,"Stillwater Human Capital, LLC.",,In-Person,"McLean, VA"
637,DigitCompass,90000 - 150000 ,In-Person,"Washington, DC"
638,TIFIN,,In-Person,"Boulder, CO"
639,Ivy Tech Solutions inc,,Remote,Remote
640,NLB Technology Services,114400 - 135200,Remote,Remote
641,Synectics for Management Decisions Inc,,In-Person,"Arlington, VA"
642,CPower,,Remote,Remote
643,1010data,130000 - 145000 ,Remote,"New York, NY"
644,PenFed Credit Union,,In-Person,"San Antonio, TX"
645,Agile Tech Labs,135200 - 156000,In-Person,"Atlanta, GA"
646,Avenue Code,110000 - 200000 ,Remote,United States
647,BPGbio,,In-Person,"Framingham, MA"
648,Oracle,,In-Person,United States
649,TIAA,71000 - 73000 ,In-Person,"Charlotte, NC"
650,Keystone Strategy,97000 - 198000 ,In-Person,"Boston, MA"
651,Optimal Inc.,,In-Person,"Dearborn, MI"
652,Clayco,,In-Person,"Overland, MO"
653,National Security Agency,77745 - 183500 ,In-Person,"Fort Meade, MD"
654,"Stillwater Human Capital, LLC.",,In-Person,"McLean, VA"
655,DigitCompass,90000 - 150000 ,In-Person,"Washington, DC"
656,TIFIN,,In-Person,"Boulder, CO"
657,Ivy Tech Solutions inc,,Remote,Remote
658,NLB Technology Services,114400 - 135200,Remote,Remote
659,Bristol Myers Squibb,,In-Person,New Jersey
660,NutaNXT Technologies,,In-Person,"Santa Clara, CA"
661,konnectingtree.Inc,110000 - 115000 ,Remote,Remote
662,Agile Tech Labs,135200 - 156000,In-Person,"Atlanta, GA"
663,Avenue Code,110000 - 200000 ,Remote,United States
664,BPGbio,,In-Person,"Framingham, MA"
665,Oracle,,In-Person,United States
666,TIAA,71000 - 73000 ,In-Person,"Charlotte, NC"
667,Keystone Strategy,97000 - 198000 ,In-Person,"Boston, MA"
668,Optimal Inc.,,In-Person,"Dearborn, MI"
669,PNC Financial Services Group,,In-Person,"Pittsburgh, PA"
670,Clayco,,In-Person,"Overland, MO"
671,National Security Agency,77745 - 183500 ,In-Person,"Fort Meade, MD"
672,DigitCompass,90000 - 150000 ,In-Person,"Washington, DC"
673,Takeda Pharmaceutical,,Remote,"Lexington, MA"
674,"Stillwater Human Capital, LLC.",,In-Person,"McLean, VA"
675,NutaNXT Technologies,,In-Person,"Santa Clara, CA"
676,konnectingtree.Inc,110000 - 115000 ,Remote,Remote
677,Agile Tech Labs,135200 - 156000,In-Person,"Atlanta, GA"
678,Avenue Code,110000 - 200000 ,Remote,United States
679,BPGbio,,In-Person,"Framingham, MA"
680,Oracle,,In-Person,United States
681,TIAA,71000 - 73000 ,In-Person,"Charlotte, NC"
682,Keystone Strategy,97000 - 198000 ,In-Person,"Boston, MA"
683,Optimal Inc.,,In-Person,"Dearborn, MI"
684,Clayco,,In-Person,"Overland, MO"
685,National Security Agency,77745 - 183500 ,In-Person,"Fort Meade, MD"
686,"Stillwater Human Capital, LLC.",,In-Person,"McLean, VA"
687,TIFIN,,In-Person,"Boulder, CO"
688,Raytheon,,In-Person,"Huntsville, AL"
689,DigitCompass,90000 - 150000 ,In-Person,"Washington, DC"
690,NutaNXT Technologies,,In-Person,"Santa Clara, CA"
691,konnectingtree.Inc,110000 - 115000 ,Remote,Remote
692,Agile Tech Labs,135200 - 156000,In-Person,"Atlanta, GA"
693,Avenue Code,110000 - 200000 ,Remote,United States
694,BPGbio,,In-Person,"Framingham, MA"
695,Oracle,,In-Person,United States
696,TIAA,71000 - 73000 ,In-Person,"Charlotte, NC"
697,Keystone Strategy,97000 - 198000 ,In-Person,"Boston, MA"
698,Optimal Inc.,,In-Person,"Dearborn, MI"
699,Clayco,,In-Person,"Overland, MO"
700,National Security Agency,77745 - 183500 ,In-Person,"Fort Meade, MD"
701,"Stillwater Human Capital, LLC.",,In-Person,"McLean, VA"
702,DigitCompass,90000 - 150000 ,In-Person,"Washington, DC"
703,TIFIN,,In-Person,"Boulder, CO"
704,EPM Scientific,,Remote,Remote
705,Avenue Code,110000 - 200000 ,Remote,United States
706,BPGbio,,In-Person,"Framingham, MA"
707,Oracle,,In-Person,United States
708,TIAA,71000 - 73000 ,In-Person,"Charlotte, NC"
709,Keystone Strategy,97000 - 198000 ,In-Person,"Boston, MA"
710,Optimal Inc.,,In-Person,"Dearborn, MI"
711,Clayco,,In-Person,"Overland, MO"
712,"Stillwater Human Capital, LLC.",,In-Person,"McLean, VA"
713,DigitCompass,90000 - 150000 ,In-Person,"Washington, DC"
714,TIFIN,,In-Person,"Boulder, CO"
715,Ivy Tech Solutions inc,,Remote,Remote
716,NLB Technology Services,114400 - 135200,Remote,Remote
717,Synectics for Management Decisions Inc,,In-Person,"Arlington, VA"
718,CPower,,Remote,Remote
719,NTT DATA,,In-Person,"Pittsburgh, PA"
720,BPGbio,,In-Person,"Framingham, MA"
721,Oracle,,In-Person,United States
722,TIAA,71000 - 73000 ,In-Person,"Charlotte, NC"
723,Keystone Strategy,97000 - 198000 ,In-Person,"Boston, MA"
724,Optimal Inc.,,In-Person,"Dearborn, MI"
725,Clayco,,In-Person,"Overland, MO"
726,National Security Agency,77745 - 183500 ,In-Person,"Fort Meade, MD"
727,"Stillwater Human Capital, LLC.",,In-Person,"McLean, VA"
728,DigitCompass,90000 - 150000 ,In-Person,"Washington, DC"
729,TIFIN,,In-Person,"Boulder, CO"
730,Ivy Tech Solutions inc,,Remote,Remote
731,NLB Technology Services,114400 - 135200,Remote,Remote
732,Experis,,In-Person,"Richmond, VA"
733,CPower,,Remote,Remote
734,Synectics for Management Decisions Inc,,In-Person,"Arlington, VA"
735,REVOLVE,90000 - 120000 ,In-Person,"Cerritos, CA"
736,NutaNXT Technologies,,In-Person,"Santa Clara, CA"
737,konnectingtree.Inc,110000 - 115000 ,Remote,Remote
738,Agile Tech Labs,135200 - 156000,In-Person,"Atlanta, GA"
739,Avenue Code,110000 - 200000 ,Remote,United States
740,BPGbio,,In-Person,"Framingham, MA"
741,Oracle,,In-Person,United States
742,TIAA,71000 - 73000 ,In-Person,"Charlotte, NC"
743,Keystone Strategy,97000 - 198000 ,In-Person,"Boston, MA"
744,Optimal Inc.,,In-Person,"Dearborn, MI"
745,Clayco,,In-Person,"Overland, MO"
746,National Security Agency,77745 - 183500 ,In-Person,"Fort Meade, MD"
747,DigitCompass,90000 - 150000 ,In-Person,"Washington, DC"
748,Sitewise Analytics,From 90000 ,In-Person,"Dallas, TX"
749,"Stillwater Human Capital, LLC.",,In-Person,"McLean, VA"
750,NutaNXT Technologies,,In-Person,"Santa Clara, CA"
751,konnectingtree.Inc,110000 - 115000 ,Remote,Remote
752,Agile Tech Labs,135200 - 156000,In-Person,"Atlanta, GA"
753,Avenue Code,110000 - 200000 ,Remote,United States
754,BPGbio,,In-Person,"Framingham, MA"
755,Oracle,,In-Person,United States
756,TIAA,71000 - 73000 ,In-Person,"Charlotte, NC"
757,Keystone Strategy,97000 - 198000 ,In-Person,"Boston, MA"
758,Optimal Inc.,,In-Person,"Dearborn, MI"
759,Clayco,,In-Person,"Overland, MO"
760,"Stillwater Human Capital, LLC.",,In-Person,"McLean, VA"
761,DigitCompass,90000 - 150000 ,In-Person,"Washington, DC"
762,TIFIN,,In-Person,"Boulder, CO"
763,Ivy Tech Solutions inc,,Remote,Remote
764,Bristol Myers Squibb,,Hybrid,"Princeton, NJ"
765,NLB Technology Services,114400 - 135200,Remote,Remote
766,Synectics for Management Decisions Inc,,In-Person,"Arlington, VA"
767,CPower,,Remote,Remote
768,1010data,130000 - 145000 ,Remote,"New York, NY"
769,Fulcrum Analytics,100000 - 130000 ,Remote,Remote
770,Procter & Gamble,,In-Person,"Cincinnati, OH"
771,Microsoft,94300 - 182600 ,In-Person,"Redmond, WA"
772,Carbon Direct,135000 - 165000 ,Remote,"San Francisco, CA"
773,University of North Carolina at Chapel Hill,,In-Person,"Chapel Hill, NC"
774,Warrant Technologies,,Remote,Remote
775,RUE GILT GROUPE,200000 - 250000 ,Hybrid,"New York, NY"
776,EX2 Outcoding,,Remote,Remote
777,MUFG,85000 - 105000 ,Hybrid,"Irving, TX"
778,The Chefs' Warehouse,,Remote,Remote
779,PSRTEK,80934 - 175943 ,Remote,Remote
780,Synectics for Management Decisions Inc,,In-Person,"Arlington, VA"
781,CPower,,Remote,Remote
782,1010data,130000 - 145000 ,Remote,"New York, NY"
783,Fulcrum Analytics,100000 - 130000 ,Remote,Remote
784,Procter & Gamble,,In-Person,"Cincinnati, OH"
785,Microsoft,94300 - 182600 ,In-Person,"Redmond, WA"
786,Carbon Direct,135000 - 165000 ,Remote,"San Francisco, CA"
787,University of North Carolina at Chapel Hill,,In-Person,"Chapel Hill, NC"
788,Warrant Technologies,,Remote,Remote
789,RUE GILT GROUPE,200000 - 250000 ,Hybrid,"New York, NY"
790,EX2 Outcoding,,Remote,Remote
791,PSRTEK,80934 - 175943 ,Remote,Remote
792,The Chefs' Warehouse,,Remote,Remote
793,"Wurl, LLC",,Remote,Remote
794,PenFed Credit Union,,In-Person,"San Antonio, TX"
795,NLB Technology Services,114400 - 135200,Remote,Remote
796,Synectics for Management Decisions Inc,,In-Person,"Arlington, VA"
797,CPower,,Remote,Remote
798,1010data,130000 - 145000 ,Remote,"New York, NY"
799,Fulcrum Analytics,100000 - 130000 ,Remote,Remote
800,Procter & Gamble,,In-Person,"Cincinnati, OH"
801,Microsoft,94300 - 182600 ,In-Person,"Redmond, WA"
802,Carbon Direct,135000 - 165000 ,Remote,"San Francisco, CA"
803,University of North Carolina at Chapel Hill,,In-Person,"Chapel Hill, NC"
804,Warrant Technologies,,Remote,Remote
805,RUE GILT GROUPE,200000 - 250000 ,Hybrid,"New York, NY"
806,EX2 Outcoding,,Remote,Remote
807,PSRTEK,80934 - 175943 ,Remote,Remote
808,The Chefs' Warehouse,,Remote,Remote
809,PenFed Credit Union,,In-Person,"San Antonio, TX"
810,CPower,,Remote,Remote
811,1010data,130000 - 145000 ,Remote,"New York, NY"
812,Fulcrum Analytics,100000 - 130000 ,Remote,Remote
813,Procter & Gamble,,In-Person,"Cincinnati, OH"
814,Microsoft,94300 - 182600 ,In-Person,"Redmond, WA"
815,Carbon Direct,135000 - 165000 ,Remote,"San Francisco, CA"
816,University of North Carolina at Chapel Hill,,In-Person,"Chapel Hill, NC"
817,Warrant Technologies,,Remote,Remote
818,RUE GILT GROUPE,200000 - 250000 ,Hybrid,"New York, NY"
819,EX2 Outcoding,,Remote,Remote
820,PSRTEK,80934 - 175943 ,Remote,Remote
821,Bristol Myers Squibb,,Hybrid,"Princeton, NJ"
822,"Wurl, LLC",,Remote,Remote
823,"Zartico, Inc.",110000 ,Remote,Remote
824,The Chefs' Warehouse,,Remote,Remote
825,CPower,,Remote,Remote
826,1010data,130000 - 145000 ,Remote,"New York, NY"
827,Fulcrum Analytics,100000 - 130000 ,Remote,Remote
828,Procter & Gamble,,In-Person,"Cincinnati, OH"
829,Microsoft,94300 - 182600 ,In-Person,"Redmond, WA"
830,Carbon Direct,135000 - 165000 ,Remote,"San Francisco, CA"
831,University of North Carolina at Chapel Hill,,In-Person,"Chapel Hill, NC"
832,Warrant Technologies,,Remote,Remote
833,RUE GILT GROUPE,200000 - 250000 ,Hybrid,"New York, NY"
834,EX2 Outcoding,,Remote,Remote
835,PSRTEK,80934 - 175943 ,Remote,Remote
836,The Chefs' Warehouse,,Remote,Remote
837,Backcountry,85000 - 98000 ,In-Person,"Park City, UT"
838,"Zartico, Inc.",110000 ,Remote,Remote
839,"Wurl, LLC",,Remote,Remote
840,Ivy Tech Solutions inc,,Remote,Remote
841,NLB Technology Services,114400 - 135200,Remote,Remote
842,Synectics for Management Decisions Inc,,In-Person,"Arlington, VA"
843,CPower,,Remote,Remote
844,1010data,130000 - 145000 ,Remote,"New York, NY"
845,Fulcrum Analytics,100000 - 130000 ,Remote,Remote
846,Procter & Gamble,,In-Person,"Cincinnati, OH"
847,Microsoft,94300 - 182600 ,In-Person,"Redmond, WA"
848,Carbon Direct,135000 - 165000 ,Remote,"San Francisco, CA"
849,University of North Carolina at Chapel Hill,,In-Person,"Chapel Hill, NC"
850,Warrant Technologies,,Remote,Remote
851,RUE GILT GROUPE,200000 - 250000 ,Hybrid,"New York, NY"
852,Penfield Search Partners,,Hybrid,"Florham Park, NJ"
853,PSRTEK,80934 - 175943 ,Remote,Remote
854,EX2 Outcoding,,Remote,Remote
855,SoundThinking,80000 - 90000 ,In-Person,"Fremont, CA"
856,NutaNXT Technologies,,In-Person,"Santa Clara, CA"
857,BPGbio,,In-Person,"Framingham, MA"
858,1010data,130000 - 145000 ,Remote,"New York, NY"
859,konnectingtree.Inc,110000 - 115000 ,Remote,Remote
860,CPower,,Remote,Remote
861,"Zartico, Inc.",110000 ,Remote,Remote
862,Mercy,,Remote,"Chesterfield, MO"
863,Clayco,,In-Person,"Overland, MO"
864,Federal Services,,Remote,"Detroit, MI"
865,Ford Motor Company,,Hybrid,"Dearborn, MI"
866,Bristol Myers Squibb,,In-Person,New Jersey
867,The Chefs' Warehouse,,Remote,Remote
868,Denver Health,69900 - 104900 ,In-Person,"Denver, CO"
869,Zen Strategics LLC,,Remote,Remote
870,NLB Technology Services,114400 - 135200,Remote,Remote
871,SoundThinking,80000 - 90000 ,In-Person,"Fremont, CA"
872,NutaNXT Technologies,,In-Person,"Santa Clara, CA"
873,BPGbio,,In-Person,"Framingham, MA"
874,1010data,130000 - 145000 ,Remote,"New York, NY"
875,konnectingtree.Inc,110000 - 115000 ,Remote,Remote
876,CPower,,Remote,Remote
877,"Zartico, Inc.",110000 ,Remote,Remote
878,Mercy,,Remote,"Chesterfield, MO"
879,Clayco,,In-Person,"Overland, MO"
880,Federal Services,,Remote,"Detroit, MI"
881,Ford Motor Company,,Hybrid,"Dearborn, MI"
882,Zen Strategics LLC,,Remote,Remote
883,The Chefs' Warehouse,,Remote,Remote
884,"QTC Management, Inc.",109000 - 133000 ,In-Person,"San Dimas, CA"
885,PNC Financial Services Group,,In-Person,"Cleveland, OH"
886,Warrant Technologies,,Remote,Remote
887,"Wurl, LLC",,Remote,Remote
888,General Motors,,In-Person,"Concord, NC"
889,NLB Technology Services,114400 - 135200,Remote,Remote
890,SoundThinking,80000 - 90000 ,In-Person,"Fremont, CA"
891,NutaNXT Technologies,,In-Person,"Santa Clara, CA"
892,BPGbio,,In-Person,"Framingham, MA"
893,1010data,130000 - 145000 ,Remote,"New York, NY"
894,konnectingtree.Inc,110000 - 115000 ,Remote,Remote
895,CPower,,Remote,Remote
896,"Zartico, Inc.",110000 ,Remote,Remote
897,Mercy,,Remote,"Chesterfield, MO"
898,Clayco,,In-Person,"Overland, MO"
899,NTT DATA,,In-Person,"Pittsburgh, PA"
900,"Wurl, LLC",,Remote,Remote
901,General Motors,,In-Person,"Concord, NC"
902,NLB Technology Services,114400 - 135200,Remote,Remote
903,SoundThinking,80000 - 90000 ,In-Person,"Fremont, CA"
904,NutaNXT Technologies,,In-Person,"Santa Clara, CA"
905,BPGbio,,In-Person,"Framingham, MA"
906,1010data,130000 - 145000 ,Remote,"New York, NY"
907,konnectingtree.Inc,110000 - 115000 ,Remote,Remote
908,CPower,,Remote,Remote
909,"Zartico, Inc.",110000 ,Remote,Remote
910,Robert Half,10703680 - 12394720,In-Person,"Evanston, IL"
911,Mercy,,Remote,"Chesterfield, MO"
912,Federal Services,,Remote,"Detroit, MI"
913,Ford Motor Company,,Hybrid,"Dearborn, MI"
914,Clayco,,In-Person,"Overland, MO"
915,Denver Health,69900 - 104900 ,In-Person,"Denver, CO"
916,Fulcrum Analytics,100000 - 130000 ,Remote,Remote
917,Etsy,130000 - 164000 ,Remote,"Brooklyn, NY"
918,PayPal,72700 - 176000 ,In-Person,"New York, NY"
919,PSRTEK,80934 - 175943 ,Remote,Remote
920,Pfizer,113900 - 189700 ,Remote,Remote
921,"VMR Strategic Solutions, LLC",,Remote,"Bethesda, MD"
922,Procter & Gamble,,In-Person,"Cincinnati, OH"
923,Microsoft,112000 - 218400 ,In-Person,"Redmond, WA"
924,CDIT LLC,,In-Person,United States
925,PHASTAR,,Remote,Remote
926,Flexport,,Hybrid,"Bellevue, WA"
927,RUE GILT GROUPE,200000 - 250000 ,Hybrid,"New York, NY"
928,Keystone Strategy,97000 - 198000 ,In-Person,"Boston, MA"
929,DigitCompass,90000 - 150000 ,In-Person,"Washington, DC"
930,Denver Health,69900 - 104900 ,In-Person,"Denver, CO"
931,Fulcrum Analytics,100000 - 130000 ,Remote,Remote
932,Etsy,130000 - 164000 ,Remote,"Brooklyn, NY"
933,PayPal,72700 - 176000 ,In-Person,"New York, NY"
934,PSRTEK,80934 - 175943 ,Remote,Remote
935,Pfizer,113900 - 189700 ,Remote,Remote
936,"VMR Strategic Solutions, LLC",,Remote,"Bethesda, MD"
937,Procter & Gamble,,In-Person,"Cincinnati, OH"
938,Microsoft,112000 - 218400 ,In-Person,"Redmond, WA"
939,CDIT LLC,,In-Person,United States
940,Capital One,,In-Person,"McLean, VA"
941,Flexport,,Hybrid,"Bellevue, WA"
942,RUE GILT GROUPE,200000 - 250000 ,Hybrid,"New York, NY"
943,Keystone Strategy,97000 - 198000 ,In-Person,"Boston, MA"
944,DigitCompass,90000 - 150000 ,In-Person,"Washington, DC"
945,The Chefs' Warehouse,,Remote,Remote
946,Denver Health,69900 - 104900 ,In-Person,"Denver, CO"
947,Fulcrum Analytics,100000 - 130000 ,Remote,Remote
948,Etsy,130000 - 164000 ,Remote,"Brooklyn, NY"
949,PayPal,72700 - 176000 ,In-Person,"New York, NY"
950,PSRTEK,80934 - 175943 ,Remote,Remote
951,Pfizer,113900 - 189700 ,Remote,Remote
952,"VMR Strategic Solutions, LLC",,Remote,"Bethesda, MD"
953,Procter & Gamble,,In-Person,"Cincinnati, OH"
954,Microsoft,112000 - 218400 ,In-Person,"Redmond, WA"
955,CDIT LLC,,In-Person,United States
956,Kelly,87360,In-Person,"Irving, TX"
957,DigitCompass,90000 - 150000 ,In-Person,"Washington, DC"
958,RUE GILT GROUPE,200000 - 250000 ,Hybrid,"New York, NY"
959,Flexport,,Hybrid,"Bellevue, WA"
960,PayPal,72700 - 176000 ,In-Person,"New York, NY"
961,PSRTEK,80934 - 175943 ,Remote,Remote
962,Pfizer,113900 - 189700 ,Remote,Remote
963,"VMR Strategic Solutions, LLC",,Remote,"Bethesda, MD"
964,Procter & Gamble,,In-Person,"Cincinnati, OH"
965,Fidelity Investments,,In-Person,"Salt Lake City, UT"
966,Microsoft,112000 - 218400 ,In-Person,"Redmond, WA"
967,CDIT LLC,,In-Person,United States
968,AAA Texas,,Hybrid,"Coppell, TX"
969,Flexport,,Hybrid,"Bellevue, WA"
970,DigitCompass,90000 - 150000 ,In-Person,"Washington, DC"
971,RUE GILT GROUPE,200000 - 250000 ,Hybrid,"New York, NY"
972,AppsIntegration.Inc,60876 - 106280 ,Remote,Remote
973,Ivy Tech Solutions inc,,Remote,Remote
974,Keystone Strategy,97000 - 198000 ,In-Person,"Boston, MA"
975,,,In-Person,Unknown
976,company,,In-Person,location
977,Disney Media & Entertainment Distribution,149240 - 200200 ,In-Person,"Santa Monica, CA"
978,Sitewise Analytics,From 90000 ,In-Person,"Dallas, TX"
979,Booz Allen Hamilton,73100 - 166000 ,Hybrid,"Arlington, VA"
980,Citizens,,In-Person,"Boston, MA"
981,Brightside Health,,Remote,Remote
982,EarthOptics,99400 - 167000 ,Remote,"Arlington, VA"
983,Hire IT people,120640,In-Person,"Bentonville, AR"
984,Penn Foster Group,,Remote,Remote
985,FanDuel,,Hybrid,"Jersey City, NJ"
986,VivusTech,,In-Person,"Chantilly, VA"
987,Galaxy Technologies,83000 - 96000 ,Remote,"New York, NY"
988,Parafin,150000 - 175000 ,In-Person,"San Francisco, CA"
989,Govini,,In-Person,"Pittsburgh, PA"
990,Hajoca Corporation,90000 - 100000 ,In-Person,"Lafayette Hill, PA"
991,Bilin Technology,,In-Person,"Boston, MA"
992,Triple-S Steel,,In-Person,"Houston, TX"
993,Vibronyx,,Remote,Remote
994,Trella Health,,Remote,Remote
995,Allstate,113400 - 156150 ,In-Person,"Chicago, IL"
996,"Ascend Analytics, LLC",80000 - 130000 ,Remote,"Boulder, CO"
997,Enable Data,,In-Person,"Minneapolis, MN"
998,Grid,,In-Person,"San Francisco, CA"
999,Virtue Analytics,,In-Person,"Woodbury, MN"
1000,Koddi,,Remote,Remote
1001,Conde Nast,150000 - 200000 ,In-Person,"New York, NY"
1002,NICE,,In-Person,"Atlanta, GA"
1003,Brightside Health,,Remote,Remote
1004,Citizens,,In-Person,"Boston, MA"
1005,Microsoft,94300 - 182600 ,In-Person,"Redmond, WA"
1006,Swish Analytics,90000 - 190000 ,Remote,Remote
1007,Vibronyx,,Remote,Remote
1008,Trella Health,,Remote,Remote
1009,Booz Allen Hamilton,73100 - 166000 ,Hybrid,"Washington, DC"
1010,"Ascend Analytics, LLC",80000 - 130000 ,Remote,"Boulder, CO"
1011,Enable Data,,In-Person,"Minneapolis, MN"
1012,Grid,,In-Person,"San Francisco, CA"
1013,Virtue Analytics,,In-Person,"Woodbury, MN"
1014,Koddi,,Remote,Remote
1015,Conde Nast,150000 - 200000 ,In-Person,"New York, NY"
1016,NICE,,In-Person,"Atlanta, GA"
1017,Brightside Health,,Remote,Remote
1018,Swish Analytics,90000 - 190000 ,Remote,Remote
1019,Ancestry,68000 - 191000 ,Remote,Remote
1020,FIS,,In-Person,"Jacksonville, FL"
1021,Microsoft,94300 - 182600 ,In-Person,"Redmond, WA"
1022,Vibronyx,,Remote,Remote
1023,Trella Health,,Remote,Remote
1024,Booz Allen Hamilton,73100 - 166000 ,Hybrid,"Washington, DC"
1025,"Ascend Analytics, LLC",80000 - 130000 ,Remote,"Boulder, CO"
1026,Enable Data,,In-Person,"Minneapolis, MN"
1027,Grid,,In-Person,"San Francisco, CA"
1028,Virtue Analytics,,In-Person,"Woodbury, MN"
1029,Koddi,,Remote,Remote
1030,Conde Nast,150000 - 200000 ,In-Person,"New York, NY"
1031,NICE,,In-Person,"Atlanta, GA"
1032,Brightside Health,,Remote,Remote
1033,Swish Analytics,90000 - 190000 ,Remote,Remote
1034,Ancestry,68000 - 191000 ,Remote,Remote
1035,Experis,,In-Person,"Richmond, VA"
1036,Microsoft,94300 - 182600 ,In-Person,"Redmond, WA"
1037,Bilin Technology,,In-Person,"Boston, MA"
1038,Govini,,In-Person,"Pittsburgh, PA"
1039,Colsh Consultants,,In-Person,"Richfield, MN"
1040,Triple-S Steel,,In-Person,"Houston, TX"
1041,Vibronyx,,Remote,Remote
1042,Trella Health,,Remote,Remote
1043,Booz Allen Hamilton,73100 - 166000 ,Hybrid,"Washington, DC"
1044,"Ascend Analytics, LLC",80000 - 130000 ,Remote,"Boulder, CO"
1045,Enable Data,,In-Person,"Minneapolis, MN"
1046,Grid,,In-Person,"San Francisco, CA"
1047,Virtue Analytics,,In-Person,"Woodbury, MN"
1048,Koddi,,Remote,Remote
1049,UScellular,111000 - 175168 ,In-Person,"Chicago, IL"
1050,NICE,,In-Person,"Atlanta, GA"
1051,Conde Nast,150000 - 200000 ,In-Person,"New York, NY"
1052,Triple-S Steel,,In-Person,"Houston, TX"
1053,Vibronyx,,Remote,Remote
1054,Trella Health,,Remote,Remote
1055,"Ascend Analytics, LLC",80000 - 130000 ,Remote,"Boulder, CO"
1056,Enable Data,,In-Person,"Minneapolis, MN"
1057,Grid,,In-Person,"San Francisco, CA"
1058,Virtue Analytics,,In-Person,"Woodbury, MN"
1059,Koddi,,Remote,Remote
1060,Conde Nast,150000 - 200000 ,In-Person,"New York, NY"
1061,NICE,,In-Person,"Atlanta, GA"
1062,Brightside Health,,Remote,Remote
1063,Swish Analytics,90000 - 190000 ,Remote,Remote
1064,Ancestry,68000 - 191000 ,Remote,Remote
1065,"Modern Technology Solutions, Inc.",,In-Person,"Beavercreek, OH"
1066,Microsoft,94300 - 182600 ,In-Person,"Redmond, WA"
1067,Bilin Technology,,In-Person,"Boston, MA"
1068,Govini,,In-Person,"Pittsburgh, PA"
1069,Colsh Consultants,,In-Person,"Richfield, MN"
1070,Triple-S Steel,,In-Person,"Houston, TX"
1071,Vibronyx,,Remote,Remote
1072,Trella Health,,Remote,Remote
1073,"Ascend Analytics, LLC",80000 - 130000 ,Remote,"Boulder, CO"
1074,Enable Data,,In-Person,"Minneapolis, MN"
1075,Grid,,In-Person,"San Francisco, CA"
1076,Virtue Analytics,,In-Person,"Woodbury, MN"
1077,Koddi,,Remote,Remote
1078,Conde Nast,150000 - 200000 ,In-Person,"New York, NY"
1079,NICE,,In-Person,"Atlanta, GA"
1080,Brightside Health,,Remote,Remote
1081,Citi,170880 - 256320 ,In-Person,"Rutherford, NJ"
1082,Govini,,In-Person,"Pittsburgh, PA"
1083,Colsh Consultants,,In-Person,"Richfield, MN"
1084,Triple-S Steel,,In-Person,"Houston, TX"
1085,Vibronyx,,Remote,Remote
1086,Trella Health,,Remote,Remote
1087,Booz Allen Hamilton,73100 - 166000 ,Hybrid,"Washington, DC"
1088,"Ascend Analytics, LLC",80000 - 130000 ,Remote,"Boulder, CO"
1089,Enable Data,,In-Person,"Minneapolis, MN"
1090,Grid,,In-Person,"San Francisco, CA"
1091,Virtue Analytics,,In-Person,"Woodbury, MN"
1092,Koddi,,Remote,Remote
1093,Conde Nast,150000 - 200000 ,In-Person,"New York, NY"
1094,Brightside Health,,Remote,Remote
1095,Sanofi,,In-Person,"Cambridge, MA"
1096,NICE,,In-Person,"Atlanta, GA"
1097,Colsh Consultants,,In-Person,"Richfield, MN"
1098,Triple-S Steel,,In-Person,"Houston, TX"
1099,Vibronyx,,Remote,Remote
1100,Trella Health,,Remote,Remote
1101,"Ascend Analytics, LLC",80000 - 130000 ,Remote,"Boulder, CO"
1102,Enable Data,,In-Person,"Minneapolis, MN"
1103,Grid,,In-Person,"San Francisco, CA"
1104,Virtue Analytics,,In-Person,"Woodbury, MN"
1105,Koddi,,Remote,Remote
1106,Conde Nast,150000 - 200000 ,In-Person,"New York, NY"
1107,NICE,,In-Person,"Atlanta, GA"
1108,Brightside Health,,Remote,Remote
1109,Freedman Healthcare,95000 - 110000 ,Remote,Remote
1110,Microsoft,94300 - 182600 ,In-Person,"Redmond, WA"
1111,Swish Analytics,90000 - 190000 ,Remote,Remote
1112,Triple-S Steel,,In-Person,"Houston, TX"
1113,Vibronyx,,Remote,Remote
1114,Trella Health,,Remote,Remote
1115,Booz Allen Hamilton,73100 - 166000 ,Hybrid,"Washington, DC"
1116,"Ascend Analytics, LLC",80000 - 130000 ,Remote,"Boulder, CO"
1117,Enable Data,,In-Person,"Minneapolis, MN"
1118,Grid,,In-Person,"San Francisco, CA"
1119,Virtue Analytics,,In-Person,"Woodbury, MN"
1120,Koddi,,Remote,Remote
1121,Conde Nast,150000 - 200000 ,In-Person,"New York, NY"
1122,NICE,,In-Person,"Atlanta, GA"
1123,Brightside Health,,Remote,Remote
1124,Microsoft,94300 - 182600 ,In-Person,"Redmond, WA"
1125,Ancestry,68000 - 191000 ,Remote,Remote
1126,Swish Analytics,90000 - 190000 ,Remote,Remote
1127,Booz Allen Hamilton,73100 - 166000 ,Hybrid,"Washington, DC"
1128,"Ascend Analytics, LLC",80000 - 130000 ,Remote,"Boulder, CO"
1129,Enable Data,,In-Person,"Minneapolis, MN"
1130,Grid,,In-Person,"San Francisco, CA"
1131,Virtue Analytics,,In-Person,"Woodbury, MN"
1132,Koddi,,Remote,Remote
1133,Conde Nast,150000 - 200000 ,In-Person,"New York, NY"
1134,NICE,,In-Person,"Atlanta, GA"
1135,Brightside Health,,Remote,Remote
1136,Swish Analytics,90000 - 190000 ,Remote,Remote
1137,Microsoft,94300 - 182600 ,In-Person,"Redmond, WA"
1138,Ancestry,68000 - 191000 ,Remote,Remote
1139,T. Rowe Price,88000 - 150000 ,In-Person,"New York, NY"
1140,Sanofi,180687 ,Remote,"Bridgewater, NJ"
1141,VitalCORE,,Remote,Remote
1142,VitalCORE,,Remote,Remote
1143,T. Rowe Price,88000 - 150000 ,In-Person,"New York, NY"
1144,Green Dot Corporation,,Remote,Remote
1145,Patra Corporation,,Remote,Remote
1146,FAST GROWING TREES LLC,80000 - 120000 ,Remote,Remote
1147,Electra Vehicles,,Remote,Remote
1148,Assetario,,Remote,Remote
1149,Agile Tech Labs,135200 - 156000,In-Person,"Atlanta, GA"
1150,Curology,140000 - 180000 ,Remote,Remote
1151,Avenue Code,110000 - 200000 ,Remote,United States
1152,Inovalon,,Remote,Remote
1153,Overstock.com Inc.,88000 - 110000 ,Remote,Remote
1154,The LDM Group,From 42000 ,Remote,"Phoenix, AZ"
1155,HNM Global Solutions,Up to 160000 ,In-Person,"Alexandria, VA"
1156,Swayable,,Remote,"New York, NY"
1157,VitalCORE,,Remote,Remote
1158,T. Rowe Price,88000 - 150000 ,In-Person,"New York, NY"
1159,Green Dot Corporation,,Remote,Remote
1160,Patra Corporation,,Remote,Remote
1161,FAST GROWING TREES LLC,80000 - 120000 ,Remote,Remote
1162,Electra Vehicles,,Remote,Remote
1163,Assetario,,Remote,Remote
1164,Agile Tech Labs,135200 - 156000,In-Person,"Atlanta, GA"
1165,Curology,140000 - 180000 ,Remote,Remote
1166,Avenue Code,110000 - 200000 ,Remote,United States
1167,Inovalon,,Remote,Remote
1168,Overstock.com Inc.,88000 - 110000 ,Remote,Remote
1169,Topaz Labs,,In-Person,"Dallas, TX"
1170,HNM Global Solutions,Up to 160000 ,In-Person,"Alexandria, VA"
1171,Swayable,,Remote,"New York, NY"
1172,VitalCORE,,Remote,Remote
1173,T. Rowe Price,88000 - 150000 ,In-Person,"New York, NY"
1174,Green Dot Corporation,,Remote,Remote
1175,Patra Corporation,,Remote,Remote
1176,FAST GROWING TREES LLC,80000 - 120000 ,Remote,Remote
1177,Electra Vehicles,,Remote,Remote
1178,Assetario,,Remote,Remote
1179,Agile Tech Labs,135200 - 156000,In-Person,"Atlanta, GA"
1180,Curology,140000 - 180000 ,Remote,Remote
1181,Avenue Code,110000 - 200000 ,Remote,United States
1182,Inovalon,,Remote,Remote
1183,Overstock.com Inc.,88000 - 110000 ,Remote,Remote
1184,CEDARS-SINAI,64500 - 93600 ,In-Person,"West Hollywood, CA"
1185,HNM Global Solutions,Up to 160000 ,In-Person,"Alexandria, VA"
1186,Swayable,,Remote,"New York, NY"
1187,Green Dot Corporation,,Remote,Remote
1188,Patra Corporation,,Remote,Remote
1189,FAST GROWING TREES LLC,80000 - 120000 ,Remote,Remote
1190,Electra Vehicles,,Remote,Remote
1191,Assetario,,Remote,Remote
1192,Agile Tech Labs,135200 - 156000,In-Person,"Atlanta, GA"
1193,Curology,140000 - 180000 ,Remote,Remote
1194,Avenue Code,110000 - 200000 ,Remote,United States
1195,Inovalon,,Remote,Remote
1196,Overstock.com Inc.,88000 - 110000 ,Remote,Remote
1197,Swayable,,Remote,"New York, NY"
1198,HNM Global Solutions,Up to 160000 ,In-Person,"Alexandria, VA"
1199,Noblis,83700 - 146500 ,Remote,"Reston, VA"
1200,PHASTAR,,Remote,Remote
1201,Kontakt.io,,Hybrid,"New York, NY"
1202,FAST GROWING TREES LLC,80000 - 120000 ,Remote,Remote
1203,Electra Vehicles,,Remote,Remote
1204,Assetario,,Remote,Remote
1205,Agile Tech Labs,135200 - 156000,In-Person,"Atlanta, GA"
1206,Curology,140000 - 180000 ,Remote,Remote
1207,Avenue Code,110000 - 200000 ,Remote,United States
1208,Inovalon,,Remote,Remote
1209,Overstock.com Inc.,88000 - 110000 ,Remote,Remote
1210,Swayable,,Remote,"New York, NY"
1211,HNM Global Solutions,Up to 160000 ,In-Person,"Alexandria, VA"
1212,Kontakt.io,,Hybrid,"New York, NY"
1213,Noblis,83700 - 146500 ,Remote,"Reston, VA"
1214,Fidelity Investments,,In-Person,"Salt Lake City, UT"
1215,REVOLVE,90000 - 120000 ,In-Person,"Cerritos, CA"
1216,"VMR Strategic Solutions, LLC",,Remote,"Bethesda, MD"
1217,T. Rowe Price,88000 - 150000 ,In-Person,"New York, NY"
1218,Green Dot Corporation,,Remote,Remote
1219,Patra Corporation,,Remote,Remote
1220,FAST GROWING TREES LLC,80000 - 120000 ,Remote,Remote
1221,Electra Vehicles,,Remote,Remote
1222,Assetario,,Remote,Remote
1223,Agile Tech Labs,135200 - 156000,In-Person,"Atlanta, GA"
1224,Curology,140000 - 180000 ,Remote,Remote
1225,Avenue Code,110000 - 200000 ,Remote,United States
1226,Inovalon,,Remote,Remote
1227,Overstock.com Inc.,88000 - 110000 ,Remote,Remote
1228,Swayable,,Remote,"New York, NY"
1229,Kontakt.io,,Hybrid,"New York, NY"
1230,CACI,,In-Person,"Fayetteville, NC"
1231,HNM Global Solutions,Up to 160000 ,In-Person,"Alexandria, VA"
1232,FAST GROWING TREES LLC,80000 - 120000 ,Remote,Remote
1233,Electra Vehicles,,Remote,Remote
1234,Assetario,,Remote,Remote
1235,Agile Tech Labs,135200 - 156000,In-Person,"Atlanta, GA"
1236,Curology,140000 - 180000 ,Remote,Remote
1237,Avenue Code,110000 - 200000 ,Remote,United States
1238,Inovalon,,Remote,Remote
1239,Overstock.com Inc.,88000 - 110000 ,Remote,Remote
1240,Swayable,,Remote,"New York, NY"
1241,HNM Global Solutions,Up to 160000 ,In-Person,"Alexandria, VA"
1242,Kontakt.io,,Hybrid,"New York, NY"
1243,Noblis,83700 - 146500 ,Remote,"Reston, VA"
1244,Hajoca Corporation,90000 - 100000 ,In-Person,"Lafayette Hill, PA"
1245,REVOLVE,90000 - 120000 ,In-Person,"Cerritos, CA"
1246,"VMR Strategic Solutions, LLC",,Remote,"Bethesda, MD"
1247,Green Dot Corporation,,Remote,Remote
1248,Patra Corporation,,Remote,Remote
1249,FAST GROWING TREES LLC,80000 - 120000 ,Remote,Remote
1250,Electra Vehicles,,Remote,Remote
1251,Assetario,,Remote,Remote
1252,Agile Tech Labs,135200 - 156000,In-Person,"Atlanta, GA"
1253,Curology,140000 - 180000 ,Remote,Remote
1254,Avenue Code,110000 - 200000 ,Remote,United States
1255,Inovalon,,Remote,Remote
1256,Overstock.com Inc.,88000 - 110000 ,Remote,Remote
1257,Swayable,,Remote,"New York, NY"
1258,HNM Global Solutions,Up to 160000 ,In-Person,"Alexandria, VA"
1259,Noblis,83700 - 146500 ,Remote,"Reston, VA"
1260,Capital One,,Remote,"Chicago, IL"
1261,Kontakt.io,,Hybrid,"New York, NY"
1262,VitalCORE,,Remote,Remote
1263,T. Rowe Price,88000 - 150000 ,In-Person,"New York, NY"
1264,Green Dot Corporation,,Remote,Remote
1265,Patra Corporation,,Remote,Remote
1266,FAST GROWING TREES LLC,80000 - 120000 ,Remote,Remote
1267,Electra Vehicles,,Remote,Remote
1268,Assetario,,Remote,Remote
1269,Agile Tech Labs,135200 - 156000,In-Person,"Atlanta, GA"
1270,Curology,140000 - 180000 ,Remote,Remote
1271,Avenue Code,110000 - 200000 ,Remote,United States
1272,Inovalon,,Remote,Remote
1273,Overstock.com Inc.,88000 - 110000 ,Remote,Remote
1274,WALGREENS,,In-Person,"Chicago, IL"
1275,HNM Global Solutions,Up to 160000 ,In-Person,"Alexandria, VA"
1276,Swayable,,Remote,"New York, NY"
1277,VitalCORE,,Remote,Remote
1278,T. Rowe Price,88000 - 150000 ,In-Person,"New York, NY"
1279,Green Dot Corporation,,Remote,Remote
1280,Patra Corporation,,Remote,Remote
1281,FAST GROWING TREES LLC,80000 - 120000 ,Remote,Remote
1282,Electra Vehicles,,Remote,Remote
1283,Assetario,,Remote,Remote
1284,Agile Tech Labs,135200 - 156000,In-Person,"Atlanta, GA"
1285,"Modern Technology Solutions, Inc.",,In-Person,"Beavercreek, OH"
1286,Curology,140000 - 180000 ,Remote,Remote
1287,Avenue Code,110000 - 200000 ,Remote,United States
1288,Inovalon,,Remote,Remote
1289,Capital One,,In-Person,"Richmond, VA"
1290,Swayable,,Remote,"New York, NY"
1291,Overstock.com Inc.,88000 - 110000 ,Remote,Remote
1292,Noblis,83700 - 146500 ,Remote,"Reston, VA"
1293,"VMR Strategic Solutions, LLC",,Remote,"Bethesda, MD"
1294,REVOLVE,90000 - 120000 ,In-Person,"Cerritos, CA"
1295,withco,180000 - 200000 ,In-Person,"New York, NY"
1296,Siddhi Solutions,135200 - 145600,Remote,Remote
1297,Oracle,,In-Person,United States
1298,Pinterest,,Remote,Remote
1299,konnectingtree.Inc,110000 - 115000 ,Remote,Remote
1300,omega solutions inc,,In-Person,"Santa Ana, CA"
1301,TIAA,71000 - 73000 ,In-Person,"Charlotte, NC"
1302,Synectics for Management Decisions Inc,,In-Person,"Arlington, VA"
1303,Descartes Labs,134500 - 180000 ,Remote,Remote
1304,Altria,,Remote,"Richmond, VA"
1305,Citizens,,In-Person,"Boston, MA"
1306,CPower,,Remote,Remote
1307,Avenue Code,110000 - 200000 ,Remote,United States
1308,Inovalon,,Remote,Remote
1309,Overstock.com Inc.,88000 - 110000 ,Remote,Remote
1310,Swayable,,Remote,"New York, NY"
1311,HNM Global Solutions,Up to 160000 ,In-Person,"Alexandria, VA"
1312,Kontakt.io,,Hybrid,"New York, NY"
1313,Noblis,83700 - 146500 ,Remote,"Reston, VA"
1314,"VMR Strategic Solutions, LLC",,Remote,"Bethesda, MD"
1315,REVOLVE,90000 - 120000 ,In-Person,"Cerritos, CA"
1316,withco,180000 - 200000 ,In-Person,"New York, NY"
1317,Siddhi Solutions,135200 - 145600,Remote,Remote
1318,Oracle,,In-Person,United States
1319,konnectingtree.Inc,110000 - 115000 ,Remote,Remote
1320,Sanofi,,In-Person,"Cambridge, MA"
1321,Pinterest,,Remote,Remote
1322,Noblis,83700 - 146500 ,Remote,"Reston, VA"
1323,"VMR Strategic Solutions, LLC",,Remote,"Bethesda, MD"
1324,REVOLVE,90000 - 120000 ,In-Person,"Cerritos, CA"
1325,withco,180000 - 200000 ,In-Person,"New York, NY"
1326,Siddhi Solutions,135200 - 145600,Remote,Remote
1327,Oracle,,In-Person,United States
1328,Pinterest,,Remote,Remote
1329,konnectingtree.Inc,110000 - 115000 ,Remote,Remote
1330,omega solutions inc,,In-Person,"Santa Ana, CA"
1331,TIAA,71000 - 73000 ,In-Person,"Charlotte, NC"
1332,Synectics for Management Decisions Inc,,In-Person,"Arlington, VA"
1333,Descartes Labs,134500 - 180000 ,Remote,Remote
1334,CPower,,Remote,Remote
1335,Altria,,Remote,"Richmond, VA"
1336,WALGREENS,,In-Person,"Chicago, IL"
1337,"VMR Strategic Solutions, LLC",,Remote,"Bethesda, MD"
1338,REVOLVE,90000 - 120000 ,In-Person,"Cerritos, CA"
1339,withco,180000 - 200000 ,In-Person,"New York, NY"
1340,Siddhi Solutions,135200 - 145600,Remote,Remote
1341,Oracle,,In-Person,United States
1342,Pinterest,,Remote,Remote
1343,konnectingtree.Inc,110000 - 115000 ,Remote,Remote
1344,omega solutions inc,,In-Person,"Santa Ana, CA"
1345,TIAA,71000 - 73000 ,In-Person,"Charlotte, NC"
1346,Synectics for Management Decisions Inc,,In-Person,"Arlington, VA"
1347,Descartes Labs,134500 - 180000 ,Remote,Remote
1348,CPower,,Remote,Remote
1349,Meta,134000 - 194000 ,Remote,Remote
1350,Aries Solutions,166400 - 187200,Hybrid,"Charlotte, NC"
1351,Altria,,Remote,"Richmond, VA"
1352,Noblis,83700 - 146500 ,Remote,"Reston, VA"
1353,"VMR Strategic Solutions, LLC",,Remote,"Bethesda, MD"
1354,REVOLVE,90000 - 120000 ,In-Person,"Cerritos, CA"
1355,withco,180000 - 200000 ,In-Person,"New York, NY"
1356,Siddhi Solutions,135200 - 145600,Remote,Remote
1357,Oracle,,In-Person,United States
1358,Pinterest,,Remote,Remote
1359,konnectingtree.Inc,110000 - 115000 ,Remote,Remote
1360,omega solutions inc,,In-Person,"Santa Ana, CA"
1361,TIAA,71000 - 73000 ,In-Person,"Charlotte, NC"
1362,Synectics for Management Decisions Inc,,In-Person,"Arlington, VA"
1363,Descartes Labs,134500 - 180000 ,Remote,Remote
1364,Altria,,Remote,"Richmond, VA"
1365,GloComms,,In-Person,"San Jose, CA"
1366,CPower,,Remote,Remote
1367,"VMR Strategic Solutions, LLC",,Remote,"Bethesda, MD"
1368,REVOLVE,90000 - 120000 ,In-Person,"Cerritos, CA"
1369,withco,180000 - 200000 ,In-Person,"New York, NY"
1370,Siddhi Solutions,135200 - 145600,Remote,Remote
1371,Oracle,,In-Person,United States
1372,Pinterest,,Remote,Remote
1373,konnectingtree.Inc,110000 - 115000 ,Remote,Remote
1374,omega solutions inc,,In-Person,"Santa Ana, CA"
1375,TIAA,71000 - 73000 ,In-Person,"Charlotte, NC"
1376,Synectics for Management Decisions Inc,,In-Person,"Arlington, VA"
1377,Descartes Labs,134500 - 180000 ,Remote,Remote
1378,CPower,,Remote,Remote
1379,Meta,134000 - 194000 ,Remote,Remote
1380,Redbock,156000 - 208000,Remote,Remote
1381,Altria,,Remote,"Richmond, VA"
1382,withco,180000 - 200000 ,In-Person,"New York, NY"
1383,Siddhi Solutions,135200 - 145600,Remote,Remote
1384,Oracle,,In-Person,United States
1385,Pinterest,,Remote,Remote
1386,konnectingtree.Inc,110000 - 115000 ,Remote,Remote
1387,omega solutions inc,,In-Person,"Santa Ana, CA"
1388,TIAA,71000 - 73000 ,In-Person,"Charlotte, NC"
1389,Synectics for Management Decisions Inc,,In-Person,"Arlington, VA"
1390,Descartes Labs,134500 - 180000 ,Remote,Remote
1391,CPower,,Remote,Remote
1392,Altria,,Remote,"Richmond, VA"
1393,Meta,134000 - 194000 ,Remote,Remote
1394,"Stillwater Human Capital, LLC.",,In-Person,"McLean, VA"
1395,Capital One,,Hybrid,"Richmond, VA"
1396,Aries Solutions,166400 - 187200,Hybrid,"Charlotte, NC"
1397,Siddhi Solutions,135200 - 145600,Remote,Remote
1398,Oracle,,In-Person,United States
1399,Pinterest,,Remote,Remote
1400,konnectingtree.Inc,110000 - 115000 ,Remote,Remote
1401,omega solutions inc,,In-Person,"Santa Ana, CA"
1402,TIAA,71000 - 73000 ,In-Person,"Charlotte, NC"
1403,Synectics for Management Decisions Inc,,In-Person,"Arlington, VA"
1404,Descartes Labs,134500 - 180000 ,Remote,Remote
1405,CPower,,Remote,Remote
1406,Altria,,Remote,"Richmond, VA"
1407,Meta,134000 - 194000 ,Remote,Remote
1408,Aries Solutions,166400 - 187200,Hybrid,"Charlotte, NC"
1409,Topaz Labs,,In-Person,"Dallas, TX"
1410,Context Labs,,In-Person,"Cambridge, MA"
1411,"Stillwater Human Capital, LLC.",,In-Person,"McLean, VA"
1412,REVOLVE,90000 - 120000 ,In-Person,"Cerritos, CA"
1413,withco,180000 - 200000 ,In-Person,"New York, NY"
1414,Siddhi Solutions,135200 - 145600,Remote,Remote
1415,Oracle,,In-Person,United States
1416,Pinterest,,Remote,Remote
1417,konnectingtree.Inc,110000 - 115000 ,Remote,Remote
1418,omega solutions inc,,In-Person,"Santa Ana, CA"
1419,TIAA,71000 - 73000 ,In-Person,"Charlotte, NC"
1420,Synectics for Management Decisions Inc,,In-Person,"Arlington, VA"
1421,Descartes Labs,134500 - 180000 ,Remote,Remote
1422,CPower,,Remote,Remote
1423,Altria,,Remote,"Richmond, VA"
1424,Aries Solutions,166400 - 187200,Hybrid,"Charlotte, NC"
1425,CEDARS-SINAI,64500 - 93600 ,In-Person,"West Hollywood, CA"
1426,Meta,134000 - 194000 ,Remote,Remote
1427,"VMR Strategic Solutions, LLC",,Remote,"Bethesda, MD"
1428,REVOLVE,90000 - 120000 ,In-Person,"Cerritos, CA"
1429,withco,180000 - 200000 ,In-Person,"New York, NY"
1430,Siddhi Solutions,135200 - 145600,Remote,Remote
1431,Oracle,,In-Person,United States
1432,Pinterest,,Remote,Remote
1433,konnectingtree.Inc,110000 - 115000 ,Remote,Remote
1434,omega solutions inc,,In-Person,"Santa Ana, CA"
1435,TIAA,71000 - 73000 ,In-Person,"Charlotte, NC"
1436,Synectics for Management Decisions Inc,,In-Person,"Arlington, VA"
1437,Descartes Labs,134500 - 180000 ,Remote,Remote
1438,CPower,,Remote,Remote
1439,Meta,134000 - 194000 ,Remote,Remote
1440,MNK INFOTECH INC,,Hybrid,"Dallas-Fort Worth, TX"
1441,Altria,,Remote,"Richmond, VA"
1442,CPower,,Remote,Remote
1443,Altria,,Remote,"Richmond, VA"
1444,Meta,134000 - 194000 ,Remote,Remote
1445,Aries Solutions,166400 - 187200,Hybrid,"Charlotte, NC"
1446,"Stillwater Human Capital, LLC.",,In-Person,"McLean, VA"
1447,Context Labs,,In-Person,"Cambridge, MA"
1448,NutaNXT Technologies,,In-Person,"Santa Clara, CA"
1449,Moderna,,In-Person,"Norwood, MA"
1450,1010data,130000 - 145000 ,Remote,"New York, NY"
1451,SoundThinking,80000 - 90000 ,In-Person,"Fremont, CA"
1452,Avis Technologies,145600 - 156000,In-Person,"Dallas, TX"
1453,Cartwheel,200000 ,Remote,Remote
1454,BPGbio,,In-Person,"Framingham, MA"
1455,Capital One,,Hybrid,"Cambridge, MA"
1456,Optimal Inc.,,In-Person,"Dearborn, MI"
1457,Descartes Labs,134500 - 180000 ,Remote,Remote
1458,CPower,,Remote,Remote
1459,Altria,,Remote,"Richmond, VA"
1460,Meta,134000 - 194000 ,Remote,Remote
1461,Aries Solutions,166400 - 187200,Hybrid,"Charlotte, NC"
1462,"Stillwater Human Capital, LLC.",,In-Person,"McLean, VA"
1463,Context Labs,,In-Person,"Cambridge, MA"
1464,NutaNXT Technologies,,In-Person,"Santa Clara, CA"
1465,Moderna,,In-Person,"Norwood, MA"
1466,1010data,130000 - 145000 ,Remote,"New York, NY"
1467,SoundThinking,80000 - 90000 ,In-Person,"Fremont, CA"
1468,Raymond James Financial,,In-Person,"Saint Petersburg, FL"
1469,Cartwheel,200000 ,Remote,Remote
1470,CEDARS-SINAI,64500 - 93600 ,In-Person,"West Hollywood, CA"
1471,Avis Technologies,145600 - 156000,In-Person,"Dallas, TX"
1472,Meta,134000 - 194000 ,Remote,Remote
1473,Aries Solutions,166400 - 187200,Hybrid,"Charlotte, NC"
1474,"Stillwater Human Capital, LLC.",,In-Person,"McLean, VA"
1475,Context Labs,,In-Person,"Cambridge, MA"
1476,NutaNXT Technologies,,In-Person,"Santa Clara, CA"
1477,Moderna,,In-Person,"Norwood, MA"
1478,1010data,130000 - 145000 ,Remote,"New York, NY"
1479,SoundThinking,80000 - 90000 ,In-Person,"Fremont, CA"
1480,Avis Technologies,145600 - 156000,In-Person,"Dallas, TX"
1481,Cartwheel,200000 ,Remote,Remote
1482,Optimal Inc.,,In-Person,"Dearborn, MI"
1483,BPGbio,,In-Person,"Framingham, MA"
1484,CACI,,In-Person,"Fayetteville, NC"
1485,CCS Fundraising,,Remote,"New York, NY"
1486,current,180000 - 205000 ,In-Person,"New York, NY"
1487,CPower,,Remote,Remote
1488,Altria,,Remote,"Richmond, VA"
1489,Meta,134000 - 194000 ,Remote,Remote
1490,Aries Solutions,166400 - 187200,Hybrid,"Charlotte, NC"
1491,"Stillwater Human Capital, LLC.",,In-Person,"McLean, VA"
1492,Context Labs,,In-Person,"Cambridge, MA"
1493,NutaNXT Technologies,,In-Person,"Santa Clara, CA"
1494,Moderna,,In-Person,"Norwood, MA"
1495,1010data,130000 - 145000 ,Remote,"New York, NY"
1496,SoundThinking,80000 - 90000 ,In-Person,"Fremont, CA"
1497,Avis Technologies,145600 - 156000,In-Person,"Dallas, TX"
1498,Cartwheel,200000 ,Remote,Remote
1499,Optimal Inc.,,In-Person,"Dearborn, MI"
1500,BPGbio,,In-Person,"Framingham, MA"
1501,Fidelity Investments,,In-Person,"Boston, MA"
1502,"Stillwater Human Capital, LLC.",,In-Person,"McLean, VA"
1503,Context Labs,,In-Person,"Cambridge, MA"
1504,NutaNXT Technologies,,In-Person,"Santa Clara, CA"
1505,Moderna,,In-Person,"Norwood, MA"
1506,1010data,130000 - 145000 ,Remote,"New York, NY"
1507,SoundThinking,80000 - 90000 ,In-Person,"Fremont, CA"
1508,Avis Technologies,145600 - 156000,In-Person,"Dallas, TX"
1509,Cartwheel,200000 ,Remote,Remote
1510,Optimal Inc.,,In-Person,"Dearborn, MI"
1511,BPGbio,,In-Person,"Framingham, MA"
1512,current,180000 - 205000 ,In-Person,"New York, NY"
1513,CCS Fundraising,,Remote,"New York, NY"
1514,CarbonChain,,Hybrid,"New York, NY"
1515,Alaka`ina Foundation Family of Companies,,In-Person,"Albuquerque, NM"
1516,Celink,80000 - 105000 ,Remote,Remote
1517,Altria,,Remote,"Richmond, VA"
1518,Meta,134000 - 194000 ,Remote,Remote
1519,Aries Solutions,166400 - 187200,Hybrid,"Charlotte, NC"
1520,"Stillwater Human Capital, LLC.",,In-Person,"McLean, VA"
1521,Context Labs,,In-Person,"Cambridge, MA"
1522,NutaNXT Technologies,,In-Person,"Santa Clara, CA"
1523,Moderna,,In-Person,"Norwood, MA"
1524,1010data,130000 - 145000 ,Remote,"New York, NY"
1525,SoundThinking,80000 - 90000 ,In-Person,"Fremont, CA"
1526,Avis Technologies,145600 - 156000,In-Person,"Dallas, TX"
1527,Cartwheel,200000 ,Remote,Remote
1528,Optimal Inc.,,In-Person,"Dearborn, MI"
1529,current,180000 - 205000 ,In-Person,"New York, NY"
1530,Talentech Consulting LLC,59705 - 120730 ,Remote,Remote
1531,BPGbio,,In-Person,"Framingham, MA"
1532,Context Labs,,In-Person,"Cambridge, MA"
1533,NutaNXT Technologies,,In-Person,"Santa Clara, CA"
1534,Moderna,,In-Person,"Norwood, MA"
1535,1010data,130000 - 145000 ,Remote,"New York, NY"
1536,SoundThinking,80000 - 90000 ,In-Person,"Fremont, CA"
1537,Avis Technologies,145600 - 156000,In-Person,"Dallas, TX"
1538,Cartwheel,200000 ,Remote,Remote
1539,Optimal Inc.,,In-Person,"Dearborn, MI"
1540,BPGbio,,In-Person,"Framingham, MA"
1541,current,180000 - 205000 ,In-Person,"New York, NY"
1542,CCS Fundraising,,Remote,"New York, NY"
1543,Celink,80000 - 105000 ,Remote,Remote
1544,Johns Hopkins University,Up to 198110 ,In-Person,"Baltimore, MD"
1545,Warman O'Brien,120000 - 160000 ,In-Person,"San Antonio, TX"
1546,CarbonChain,,Hybrid,"New York, NY"
1547,Meta,134000 - 194000 ,Remote,Remote
1548,Aries Solutions,166400 - 187200,Hybrid,"Charlotte, NC"
1549,"Stillwater Human Capital, LLC.",,In-Person,"McLean, VA"
1550,Context Labs,,In-Person,"Cambridge, MA"
1551,NutaNXT Technologies,,In-Person,"Santa Clara, CA"
1552,Moderna,,In-Person,"Norwood, MA"
1553,1010data,130000 - 145000 ,Remote,"New York, NY"
1554,SoundThinking,80000 - 90000 ,In-Person,"Fremont, CA"
1555,Avis Technologies,145600 - 156000,In-Person,"Dallas, TX"
1556,Cartwheel,200000 ,Remote,Remote
1557,Optimal Inc.,,In-Person,"Dearborn, MI"
1558,BPGbio,,In-Person,"Framingham, MA"
1559,CCS Fundraising,,Remote,"New York, NY"
1560,WALGREENS,,In-Person,"Chicago, IL"
1561,current,180000 - 205000 ,In-Person,"New York, NY"
1562,Moderna,,In-Person,"Norwood, MA"
1563,1010data,130000 - 145000 ,Remote,"New York, NY"
1564,SoundThinking,80000 - 90000 ,In-Person,"Fremont, CA"
1565,Avis Technologies,145600 - 156000,In-Person,"Dallas, TX"
1566,Guidehouse,77500 - 155000 ,In-Person,"San Francisco, CA"
1567,Cartwheel,200000 ,Remote,Remote
1568,Optimal Inc.,,In-Person,"Dearborn, MI"
1569,BPGbio,,In-Person,"Framingham, MA"
1570,current,180000 - 205000 ,In-Person,"New York, NY"
1571,CCS Fundraising,,Remote,"New York, NY"
1572,Celink,80000 - 105000 ,Remote,Remote
1573,CarbonChain,,Hybrid,"New York, NY"
1574,CoVar,,In-Person,"Durham, NC"
1575,TIFIN,,In-Person,"Boulder, CO"
1576,Johns Hopkins University,Up to 198110 ,In-Person,"Baltimore, MD"
1577,Aries Solutions,166400 - 187200,Hybrid,"Charlotte, NC"
1578,"Stillwater Human Capital, LLC.",,In-Person,"McLean, VA"
1579,Context Labs,,In-Person,"Cambridge, MA"
1580,NutaNXT Technologies,,In-Person,"Santa Clara, CA"
1581,Moderna,,In-Person,"Norwood, MA"
1582,1010data,130000 - 145000 ,Remote,"New York, NY"
1583,SoundThinking,80000 - 90000 ,In-Person,"Fremont, CA"
1584,Avis Technologies,145600 - 156000,In-Person,"Dallas, TX"
1585,Cartwheel,200000 ,Remote,Remote
1586,Optimal Inc.,,In-Person,"Dearborn, MI"
1587,BPGbio,,In-Person,"Framingham, MA"
1588,current,180000 - 205000 ,In-Person,"New York, NY"
1589,Celink,80000 - 105000 ,Remote,Remote
1590,Dropbox,,Remote,"Boston, MA"
1591,CCS Fundraising,,Remote,"New York, NY"
1592,ANALYTOS,,In-Person,"Austin, TX"
1593,Pie Insurance,150000 - 205000 ,Remote,Remote
1594,"Rocket Travel, Inc.",,Remote,"Chicago, IL"
1595,LT Technology Services,,In-Person,Arizona
1596,National Security Agency,77745 - 183500 ,In-Person,"Fort Meade, MD"
1597,PUTNAM RECRUITING GROUP,140000 - 180000 ,Remote,Remote
1598,AppsIntegration.Inc,60876 - 106280 ,Remote,Remote
1599,Etsy,130000 - 164000 ,Remote,"Brooklyn, NY"
1600,PROLIM Corporation,156000 - 166400,Remote,Remote
1601,Renewable Energy Systems Limited,,Hybrid,
1602,Procter & Gamble,,In-Person,"Cincinnati, OH"
1603,TLC Millimeterwave Products Inc,130000 - 160000 ,In-Person,"Minneapolis, MN"
1604,Bristol Myers Squibb,,In-Person,"San Diego, CA"
1605,Keystone Strategy,97000 - 198000 ,In-Person,"Boston, MA"
1606,Pri Global Inc,166400 - 187200,Remote,Remote
1607,Johns Hopkins University,Up to 198110 ,In-Person,"Baltimore, MD"
1608,TIFIN,,In-Person,"Boulder, CO"
1609,Aresfi,,In-Person,"Incline Village, NV"
1610,ANALYTOS,,In-Person,"Austin, TX"
1611,Pie Insurance,150000 - 205000 ,Remote,Remote
1612,"Rocket Travel, Inc.",,Remote,"Chicago, IL"
1613,LT Technology Services,,In-Person,Arizona
1614,National Security Agency,77745 - 183500 ,In-Person,"Fort Meade, MD"
1615,PUTNAM RECRUITING GROUP,140000 - 180000 ,Remote,Remote
1616,AppsIntegration.Inc,60876 - 106280 ,Remote,Remote
1617,Etsy,130000 - 164000 ,Remote,"Brooklyn, NY"
1618,PROLIM Corporation,156000 - 166400,Remote,Remote
1619,Fidelity Investments,,In-Person,"Westlake, TX"
1620,Procter & Gamble,,In-Person,"Cincinnati, OH"
1621,Renewable Energy Systems Limited,,Hybrid,
1622,Celink,80000 - 105000 ,Remote,Remote
1623,CarbonChain,,Hybrid,"New York, NY"
1624,Johns Hopkins University,Up to 198110 ,In-Person,"Baltimore, MD"
1625,TIFIN,,In-Person,"Boulder, CO"
1626,Aresfi,,In-Person,"Incline Village, NV"
1627,ANALYTOS,,In-Person,"Austin, TX"
1628,Pie Insurance,150000 - 205000 ,Remote,Remote
1629,"Rocket Travel, Inc.",,Remote,"Chicago, IL"
1630,LT Technology Services,,In-Person,Arizona
1631,National Security Agency,77745 - 183500 ,In-Person,"Fort Meade, MD"
1632,PUTNAM RECRUITING GROUP,140000 - 180000 ,Remote,Remote
1633,AppsIntegration.Inc,60876 - 106280 ,Remote,Remote
1634,PROLIM Corporation,156000 - 166400,Remote,Remote
1635,Penfield Search Partners,,Hybrid,"Florham Park, NJ"
1636,Etsy,130000 - 164000 ,Remote,"Brooklyn, NY"
1637,TIFIN,,In-Person,"Boulder, CO"
1638,Aresfi,,In-Person,"Incline Village, NV"
1639,ANALYTOS,,In-Person,"Austin, TX"
1640,Pie Insurance,150000 - 205000 ,Remote,Remote
1641,"Rocket Travel, Inc.",,Remote,"Chicago, IL"
1642,LT Technology Services,,In-Person,Arizona
1643,National Security Agency,77745 - 183500 ,In-Person,"Fort Meade, MD"
1644,PUTNAM RECRUITING GROUP,140000 - 180000 ,Remote,Remote
1645,AppsIntegration.Inc,60876 - 106280 ,Remote,Remote
1646,Etsy,130000 - 164000 ,Remote,"Brooklyn, NY"
1647,PROLIM Corporation,156000 - 166400,Remote,Remote
1648,Renewable Energy Systems Limited,,Hybrid,
1649,Procter & Gamble,,In-Person,"Cincinnati, OH"
1650,TLC Millimeterwave Products Inc,130000 - 160000 ,In-Person,"Minneapolis, MN"
1651,Hajoca Corporation,90000 - 100000 ,In-Person,"Lafayette Hill, PA"
1652,CCS Fundraising,,Remote,"New York, NY"
1653,Celink,80000 - 105000 ,Remote,Remote
1654,CarbonChain,,Hybrid,"New York, NY"
1655,Johns Hopkins University,Up to 198110 ,In-Person,"Baltimore, MD"
1656,TIFIN,,In-Person,"Boulder, CO"
1657,Aresfi,,In-Person,"Incline Village, NV"
1658,ANALYTOS,,In-Person,"Austin, TX"
1659,Pie Insurance,150000 - 205000 ,Remote,Remote
1660,"Rocket Travel, Inc.",,Remote,"Chicago, IL"
1661,LT Technology Services,,In-Person,Arizona
1662,National Security Agency,77745 - 183500 ,In-Person,"Fort Meade, MD"
1663,PUTNAM RECRUITING GROUP,140000 - 180000 ,Remote,Remote
1664,Fidelity Investments,,In-Person,"Westlake, TX"
1665,Etsy,130000 - 164000 ,Remote,"Brooklyn, NY"
1666,AppsIntegration.Inc,60876 - 106280 ,Remote,Remote
1667,TIFIN,,In-Person,"Boulder, CO"
1668,Aresfi,,In-Person,"Incline Village, NV"
1669,ANALYTOS,,In-Person,"Austin, TX"
1670,Pie Insurance,150000 - 205000 ,Remote,Remote
1671,"Rocket Travel, Inc.",,Remote,"Chicago, IL"
1672,LT Technology Services,,In-Person,Arizona
1673,National Security Agency,77745 - 183500 ,In-Person,"Fort Meade, MD"
1674,PUTNAM RECRUITING GROUP,140000 - 180000 ,Remote,Remote
1675,AppsIntegration.Inc,60876 - 106280 ,Remote,Remote
1676,Etsy,130000 - 164000 ,Remote,"Brooklyn, NY"
1677,PROLIM Corporation,156000 - 166400,Remote,Remote
1678,Renewable Energy Systems Limited,,Hybrid,
1679,Procter & Gamble,,In-Person,"Cincinnati, OH"
1680,TLC Millimeterwave Products Inc,130000 - 160000 ,In-Person,"Minneapolis, MN"
1681,WALGREENS,,In-Person,"Chicago, IL"
1682,TIFIN,,In-Person,"Boulder, CO"
1683,Aresfi,,In-Person,"Incline Village, NV"
1684,ANALYTOS,,In-Person,"Austin, TX"
1685,Pie Insurance,150000 - 205000 ,Remote,Remote
1686,"Rocket Travel, Inc.",,Remote,"Chicago, IL"
1687,LT Technology Services,,In-Person,Arizona
1688,National Security Agency,77745 - 183500 ,In-Person,"Fort Meade, MD"
1689,PUTNAM RECRUITING GROUP,140000 - 180000 ,Remote,Remote
1690,AppsIntegration.Inc,60876 - 106280 ,Remote,Remote
1691,Etsy,130000 - 164000 ,Remote,"Brooklyn, NY"
1692,PROLIM Corporation,156000 - 166400,Remote,Remote
1693,Renewable Energy Systems Limited,,Hybrid,
1694,Procter & Gamble,,In-Person,"Cincinnati, OH"
1695,TLC Millimeterwave Products Inc,130000 - 160000 ,In-Person,"Minneapolis, MN"
1696,Guidehouse,,Hybrid,"Washington, DC"
1697,ANALYTOS,,In-Person,"Austin, TX"
1698,Pie Insurance,150000 - 205000 ,Remote,Remote
1699,"Rocket Travel, Inc.",,Remote,"Chicago, IL"
1700,LT Technology Services,,In-Person,Arizona
1701,National Security Agency,77745 - 183500 ,In-Person,"Fort Meade, MD"
1702,PUTNAM RECRUITING GROUP,140000 - 180000 ,Remote,Remote
1703,AppsIntegration.Inc,60876 - 106280 ,Remote,Remote
1704,Etsy,130000 - 164000 ,Remote,"Brooklyn, NY"
1705,PROLIM Corporation,156000 - 166400,Remote,Remote
1706,Renewable Energy Systems Limited,,Hybrid,
1707,Procter & Gamble,,In-Person,"Cincinnati, OH"
1708,TLC Millimeterwave Products Inc,130000 - 160000 ,In-Person,"Minneapolis, MN"
1709,Citi,170880 - 256320 ,In-Person,"Rutherford, NJ"
1710,Keystone Strategy,97000 - 198000 ,In-Person,"Boston, MA"
1711,Pri Global Inc,166400 - 187200,Remote,Remote
1712,Aresfi,,In-Person,"Incline Village, NV"
1713,ANALYTOS,,In-Person,"Austin, TX"
1714,Pie Insurance,150000 - 205000 ,Remote,Remote
1715,"Rocket Travel, Inc.",,Remote,"Chicago, IL"
1716,LT Technology Services,,In-Person,Arizona
1717,National Security Agency,77745 - 183500 ,In-Person,"Fort Meade, MD"
1718,PUTNAM RECRUITING GROUP,140000 - 180000 ,Remote,Remote
1719,AppsIntegration.Inc,60876 - 106280 ,Remote,Remote
1720,Etsy,130000 - 164000 ,Remote,"Brooklyn, NY"
1721,PROLIM Corporation,156000 - 166400,Remote,Remote
1722,Renewable Energy Systems Limited,,Hybrid,
1723,Procter & Gamble,,In-Person,"Cincinnati, OH"
1724,Pri Global Inc,166400 - 187200,Remote,Remote
1725,DW Simpson,178000 ,Remote,"New York, NY"
1726,TLC Millimeterwave Products Inc,130000 - 160000 ,In-Person,"Minneapolis, MN"
1727,Keystone Strategy,97000 - 198000 ,In-Person,"Boston, MA"
1728,Cartwheel,200000 ,Remote,Remote
1729,AppsIntegration.Inc,60876 - 106280 ,Remote,Remote
1730,Pri Global Inc,166400 - 187200,Remote,Remote
1731,DigitCompass,90000 - 150000 ,In-Person,"Washington, DC"
1732,Oracle,,In-Person,United States
1733,BPGbio,,In-Person,"Framingham, MA"
1734,Fulcrum Analytics,100000 - 130000 ,Remote,Remote
1735,TLC Millimeterwave Products Inc,130000 - 160000 ,In-Person,"Minneapolis, MN"
1736,PROLIM Corporation,156000 - 166400,Remote,Remote
1737,Carbon Direct,135000 - 165000 ,Remote,"San Francisco, CA"
1738,RUE GILT GROUPE,200000 - 250000 ,Hybrid,"New York, NY"
1739,Pinterest,,Remote,Remote
1740,Clayco,,In-Person,"Overland, MO"
1741,CEDARS-SINAI,64500 - 93600 ,In-Person,"West Hollywood, CA"
1742,"IXIS, LLC",,Remote,"Burlington, VT"
1743,Public Storage,140000 - 180000 ,In-Person,"Glendale, CA"
1744,Neuberger Berman,150000 - 200000 ,In-Person,"New York, NY"
1745,LinQuest Corporation,,In-Person,"Herndon, VA"
1746,Twinn Intelligence Group,Up to 170000 ,In-Person,"Chantilly, VA"
1747,Buchanan And Edwards Inc,157000 ,In-Person,"Washington, DC"
1748,Billtrust US Careers,148000 - 185000 ,Remote,"Arlington, VA"
1749,Credible,124000 - 165000 ,Remote,"Durham, NC"
1750,Sunixa Solutions,124800 - 135200,Remote,Remote
1751,Meta,134000 - 194000 ,Remote,Remote
1752,Wiliot,,Remote,Remote
1753,Zen Strategics LLC,,Remote,Remote
1754,ANALYTOS,,In-Person,"Austin, TX"
1755,Warman O'Brien,120000 - 160000 ,In-Person,"Miami, FL"
1756,"Wurl, LLC",,Remote,Remote
1757,Ivy Tech Solutions inc,,Remote,Remote
1758,Descartes Labs,134500 - 180000 ,Remote,Remote
1759,"IXIS, LLC",,Remote,"Burlington, VT"
1760,Public Storage,140000 - 180000 ,In-Person,"Glendale, CA"
1761,Neuberger Berman,150000 - 200000 ,In-Person,"New York, NY"
1762,LinQuest Corporation,,In-Person,"Herndon, VA"
1763,Twinn Intelligence Group,Up to 170000 ,In-Person,"Chantilly, VA"
1764,Buchanan And Edwards Inc,157000 ,In-Person,"Washington, DC"
1765,Billtrust US Careers,148000 - 185000 ,Remote,"Arlington, VA"
1766,Credible,124000 - 165000 ,Remote,"Durham, NC"
1767,Sunixa Solutions,124800 - 135200,Remote,Remote
1768,Meta,134000 - 194000 ,Remote,Remote
1769,Penfield Search Partners,,Hybrid,"Florham Park, NJ"
1770,Zen Strategics LLC,,Remote,Remote
1771,Wiliot,,Remote,Remote
1772,"Marriott International, Inc",117666 - 217498 ,In-Person,"Bethesda, MD 
"
1773,PROLIM Corporation,156000 - 166400,Remote,Remote
1774,BOEING,113900 - 154100 ,In-Person,"Mesa, AZ"
1775,US Joint Services and Activities Supported by the...,112015 - 145617 ,In-Person,"Arlington, VA"
1776,Empire Technological Group Ltd,,In-Person,United States
1777,Discord,,Hybrid,"San Francisco, CA"
1778,Google,,In-Person,"New York, NY 
"
1779,USmax Corporation,,Remote,Remote
1780,Extend,120000 - 140000 ,Remote,Remote
1781,Keystone Strategy,97000 - 198000 ,In-Person,"Boston, MA"
1782,Amivero,,Remote,Remote
1783,TrueML,124000 - 149000 ,Remote,Remote
1784,Uber Freight,171067 ,In-Person,"San Francisco, CA"
1785,Capital One,,Hybrid,"New York, NY"
1786,CVS Health,70000 - 140000 ,Hybrid,New York State
1787,TLC Millimeterwave Products Inc,130000 - 160000 ,In-Person,"Minneapolis, MN"
1788,PROLIM Corporation,156000 - 166400,Remote,Remote
1789,Carbon Direct,135000 - 165000 ,Remote,"San Francisco, CA"
1790,RUE GILT GROUPE,200000 - 250000 ,Hybrid,"New York, NY"
1791,Pinterest,,Remote,Remote
1792,Clayco,,In-Person,"Overland, MO"
1793,Asurion,,In-Person,"Nashville, TN"
1794,Ivy Tech Solutions inc,,Remote,Remote
1795,Descartes Labs,134500 - 180000 ,Remote,Remote
1796,"IXIS, LLC",,Remote,"Burlington, VT"
1797,Public Storage,140000 - 180000 ,In-Person,"Glendale, CA"
1798,Neuberger Berman,150000 - 200000 ,In-Person,"New York, NY"
1799,Capital One,,Hybrid,"Chicago, IL"
1800,Twinn Intelligence Group,Up to 170000 ,In-Person,"Chantilly, VA"
1801,LinQuest Corporation,,In-Person,"Herndon, VA"
1802,Clayco,,In-Person,"Overland, MO"
1803,Asurion,,In-Person,"Nashville, TN"
1804,Ivy Tech Solutions inc,,Remote,Remote
1805,Descartes Labs,134500 - 180000 ,Remote,Remote
1806,"IXIS, LLC",,Remote,"Burlington, VT"
1807,Public Storage,140000 - 180000 ,In-Person,"Glendale, CA"
1808,Neuberger Berman,150000 - 200000 ,In-Person,"New York, NY"
1809,LinQuest Corporation,,In-Person,"Herndon, VA"
1810,Twinn Intelligence Group,Up to 170000 ,In-Person,"Chantilly, VA"
1811,Buchanan And Edwards Inc,157000 ,In-Person,"Washington, DC"
1812,Billtrust US Careers,148000 - 185000 ,Remote,"Arlington, VA"
1813,Credible,124000 - 165000 ,Remote,"Durham, NC"
1814,Smart AdServer,95000 - 115000 ,Temporarily Remote,"Manhattan, NY"
1815,Meta,134000 - 194000 ,Remote,Remote
1816,Sunixa Solutions,124800 - 135200,Remote,Remote
1817,Public Storage,140000 - 180000 ,In-Person,"Glendale, CA"
1818,Neuberger Berman,150000 - 200000 ,In-Person,"New York, NY"
1819,LinQuest Corporation,,In-Person,"Herndon, VA"
1820,Twinn Intelligence Group,Up to 170000 ,In-Person,"Chantilly, VA"
1821,Buchanan And Edwards Inc,157000 ,In-Person,"Washington, DC"
1822,Billtrust US Careers,148000 - 185000 ,Remote,"Arlington, VA"
1823,Credible,124000 - 165000 ,Remote,"Durham, NC"
1824,Sunixa Solutions,124800 - 135200,Remote,Remote
1825,Meta,134000 - 194000 ,Remote,Remote
1826,Wiliot,,Remote,Remote
1827,Zen Strategics LLC,,Remote,Remote
1828,"Wurl, LLC",,Remote,Remote
1829,Fidelity Investments,,In-Person,"Boston, MA"
1830,Denver Health,69900 - 104900 ,In-Person,"Denver, CO"
1831,ANALYTOS,,In-Person,"Austin, TX"
1832,Pinterest,,Remote,Remote
1833,Clayco,,In-Person,"Overland, MO"
1834,Asurion,,In-Person,"Nashville, TN"
1835,Ivy Tech Solutions inc,,Remote,Remote
1836,Descartes Labs,134500 - 180000 ,Remote,Remote
1837,"IXIS, LLC",,Remote,"Burlington, VT"
1838,Public Storage,140000 - 180000 ,In-Person,"Glendale, CA"
1839,Neuberger Berman,150000 - 200000 ,In-Person,"New York, NY"
1840,LinQuest Corporation,,In-Person,"Herndon, VA"
1841,Twinn Intelligence Group,Up to 170000 ,In-Person,"Chantilly, VA"
1842,Buchanan And Edwards Inc,157000 ,In-Person,"Washington, DC"
1843,Billtrust US Careers,148000 - 185000 ,Remote,"Arlington, VA"
1844,Credible,124000 - 165000 ,Remote,"Durham, NC"
1845,Sunixa Solutions,124800 - 135200,Remote,Remote
1846,Talentech Consulting LLC,59705 - 120730 ,Remote,Remote
1847,Neuberger Berman,150000 - 200000 ,In-Person,"New York, NY"
1848,LinQuest Corporation,,In-Person,"Herndon, VA"
1849,Twinn Intelligence Group,Up to 170000 ,In-Person,"Chantilly, VA"
1850,Buchanan And Edwards Inc,157000 ,In-Person,"Washington, DC"
1851,Billtrust US Careers,148000 - 185000 ,Remote,"Arlington, VA"
1852,Credible,124000 - 165000 ,Remote,"Durham, NC"
1853,Sunixa Solutions,124800 - 135200,Remote,Remote
1854,Meta,134000 - 194000 ,Remote,Remote
1855,Wiliot,,Remote,Remote
1856,Zen Strategics LLC,,Remote,Remote
1857,"Wurl, LLC",,Remote,Remote
1858,ANALYTOS,,In-Person,"Austin, TX"
1859,Denver Health,69900 - 104900 ,In-Person,"Denver, CO"
1860,Pie Insurance,150000 - 205000 ,Remote,Remote
1861,Disney Media & Entertainment Distribution,149240 - 200200 ,In-Person,"Santa Monica, CA"
1862,Clayco,,In-Person,"Overland, MO"
1863,Asurion,,In-Person,"Nashville, TN"
1864,Ivy Tech Solutions inc,,Remote,Remote
1865,Descartes Labs,134500 - 180000 ,Remote,Remote
1866,"IXIS, LLC",,Remote,"Burlington, VT"
1867,Public Storage,140000 - 180000 ,In-Person,"Glendale, CA"
1868,Neuberger Berman,150000 - 200000 ,In-Person,"New York, NY"
1869,LinQuest Corporation,,In-Person,"Herndon, VA"
1870,Twinn Intelligence Group,Up to 170000 ,In-Person,"Chantilly, VA"
1871,Buchanan And Edwards Inc,157000 ,In-Person,"Washington, DC"
1872,Billtrust US Careers,148000 - 185000 ,Remote,"Arlington, VA"
1873,Credible,124000 - 165000 ,Remote,"Durham, NC"
1874,Penfield Search Partners,,In-Person,"Cambridge, MA"
1875,Meta,134000 - 194000 ,Remote,Remote
1876,Sunixa Solutions,124800 - 135200,Remote,Remote
